"Account_Age_Days,Login_Frequency,Daily_Usage_Mins,Last_Support_Ticket,Churn,Account_Age_Months,Contract_Type,Tenure_Range,Risk_Score,Risk_Level"
"790,2,28,Just checking if my payment went through.,0,26.333333333333332,Biennial,2+ Years,0.115,Low"
"399,0,28,Just checking if my payment went through.,1,13.3,Annual,1-2 Years,0.64,High"
"646,0,110,The integration with Slack works perfectly.,0,21.533333333333335,Annual,1-2 Years,0.0,Low"
"113,2,21,Just checking if my payment went through.,0,3.7666666666666666,Month-to-month,0-6 Months,0.035,Low"
"322,2,7,Your API documentation is outdated and full of errors.,1,10.733333333333333,Month-to-month,6-12 Months,1.0,Very High"
"8,0,40,Just checking if my payment went through.,0,0.26666666666666666,Month-to-month,0-6 Months,0.02,Low"
"436,1,3,The UI is too confusing. I can't find the export button.,1,14.533333333333333,Annual,1-2 Years,0.98,Very High"
"973,2,20,Just checking if my payment went through.,0,32.43333333333333,Biennial,2+ Years,0.05,Low"
"305,0,25,Just checking if my payment went through.,0,10.166666666666666,Month-to-month,6-12 Months,0.065,Low"
"26,0,35,When will the maintenance window end?,0,0.8666666666666667,Month-to-month,0-6 Months,0.145,Low"
"726,1,9,Your API documentation is outdated and full of errors.,1,24.2,Biennial,1-2 Years,0.925,Very High"
"911,0,18,How do I change my password?,0,30.366666666666667,Biennial,2+ Years,0.165,Low"
"1017,1,7,The app crashes every time I try to upload a CSV.,1,33.9,Biennial,2+ Years,0.975,Very High"
"791,0,17,Just checking if my payment went through.,0,26.366666666666667,Biennial,2+ Years,0.01,Low"
"599,0,46,I love the new analytics feature! Great job.,0,19.966666666666665,Annual,1-2 Years,0.0,Low"
"19,2,26,Can I add more seats to my current plan?,0,0.6333333333333333,Month-to-month,0-6 Months,0.11,Low"
"691,1,1,The UI is too confusing. I can't find the export button.,1,23.033333333333335,Annual,1-2 Years,0.94,Very High"
"496,1,11,I've been waiting for support for 3 days. I'm cancelling.,1,16.533333333333335,Annual,1-2 Years,0.97,Very High"
"691,0,32,Is there a tutorial for the new dashboard feature?,1,23.033333333333335,Annual,1-2 Years,0.67,High"
"8,0,57,This tool has saved my team so much time.,0,0.26666666666666666,Month-to-month,0-6 Months,0.005,Low"
"64,2,57,Just checking if my payment went through.,0,2.1333333333333333,Month-to-month,0-6 Months,0.125,Low"
"922,2,27,Just checking if my payment went through.,0,30.733333333333334,Biennial,2+ Years,0.2,Low"
"98,1,2,I'm very frustrated with the downtime. This is unacceptable.,1,3.2666666666666666,Month-to-month,0-6 Months,0.935,Very High"
"710,2,51,Is there a tutorial for the new dashboard feature?,0,23.666666666666668,Annual,1-2 Years,0.175,Low"
"152,0,38,Can I add more seats to my current plan?,0,5.066666666666666,Month-to-month,0-6 Months,0.0,Low"
"466,2,41,Is there a tutorial for the new dashboard feature?,0,15.533333333333333,Annual,1-2 Years,0.05,Low"
"366,1,2,I've been waiting for support for 3 days. I'm cancelling.,1,12.2,Annual,1-2 Years,1.0,Very High"
"747,2,10,The app crashes every time I try to upload a CSV.,1,24.9,Biennial,2+ Years,0.955,Very High"
"892,2,13,I'm very frustrated with the downtime. This is unacceptable.,1,29.733333333333334,Biennial,2+ Years,0.555,Medium"
"1044,0,81,Customer support was super helpful yesterday. Thanks!,0,34.8,Biennial,2+ Years,0.135,Low"
"112,2,8,Your API documentation is outdated and full of errors.,1,3.7333333333333334,Month-to-month,0-6 Months,0.935,Very High"
"330,1,8,I'm very frustrated with the downtime. This is unacceptable.,1,11.0,Month-to-month,6-12 Months,0.995,Very High"
"440,2,1,Why did my subscription price increase without notice?,1,14.666666666666666,Annual,1-2 Years,0.985,Very High"
"1083,2,55,Just checking if my payment went through.,0,36.1,Biennial,2+ Years,0.19,Low"
"801,0,23,Just checking if my payment went through.,0,26.7,Biennial,2+ Years,0.03,Low"
"139,1,12,The UI is too confusing. I can't find the export button.,0,4.633333333333334,Month-to-month,0-6 Months,0.925,Very High"
"968,2,47,Just checking if my payment went through.,0,32.266666666666666,Biennial,2+ Years,0.67,High"
"570,0,105,Customer support was super helpful yesterday. Thanks!,0,19.0,Annual,1-2 Years,0.015,Low"
"383,2,39,Can I add more seats to my current plan?,0,12.766666666666667,Annual,1-2 Years,0.035,Low"
"382,0,58,This tool has saved my team so much time.,0,12.733333333333333,Annual,1-2 Years,0.0,Low"
"917,1,12,Your API documentation is outdated and full of errors.,1,30.566666666666666,Biennial,2+ Years,0.915,Very High"
"835,2,6,The UI is too confusing. I can't find the export button.,1,27.833333333333332,Biennial,2+ Years,0.575,Medium"
"506,1,4,The UI is too confusing. I can't find the export button.,1,16.866666666666667,Annual,1-2 Years,0.98,Very High"
"575,0,68,The integration with Slack works perfectly.,0,19.166666666666668,Annual,1-2 Years,0.0,Low"
"446,2,15,Just checking if my payment went through.,1,14.866666666666667,Annual,1-2 Years,0.725,High"
"698,0,65,I love the new analytics feature! Great job.,0,23.266666666666666,Annual,1-2 Years,0.01,Low"
"903,0,27,Can I add more seats to my current plan?,0,30.1,Biennial,2+ Years,0.02,Low"
"56,2,42,Just checking if my payment went through.,0,1.8666666666666667,Month-to-month,0-6 Months,0.05,Low"
"1049,2,1,I've been waiting for support for 3 days. I'm cancelling.,1,34.96666666666667,Biennial,2+ Years,0.865,Very High"
"894,1,1,Your API documentation is outdated and full of errors.,1,29.8,Biennial,2+ Years,0.735,High"
"676,2,3,Your API documentation is outdated and full of errors.,1,22.533333333333335,Annual,1-2 Years,0.91,Very High"
"415,0,40,When will the maintenance window end?,1,13.833333333333334,Annual,1-2 Years,0.63,High"
"47,0,113,Customer support was super helpful yesterday. Thanks!,0,1.5666666666666667,Month-to-month,0-6 Months,0.03,Low"
"792,2,27,How do I change my password?,0,26.4,Biennial,2+ Years,0.195,Low"
"344,0,60,This tool has saved my team so much time.,0,11.466666666666667,Month-to-month,6-12 Months,0.0,Low"
"939,0,25,Just checking if my payment went through.,0,31.3,Biennial,2+ Years,0.13,Low"
"751,1,14,Why did my subscription price increase without notice?,1,25.033333333333335,Biennial,2+ Years,1.0,Very High"
"601,0,101,""Smooth experience so far, no complaints."",0,20.033333333333335,Annual,1-2 Years,0.005,Low"
"1049,0,45,When will the maintenance window end?,0,34.96666666666667,Biennial,2+ Years,0.0,Low"
"395,0,51,Can I add more seats to my current plan?,0,13.166666666666666,Annual,1-2 Years,0.01,Low"
"1023,1,7,I've been waiting for support for 3 days. I'm cancelling.,1,34.1,Biennial,2+ Years,0.9,Very High"
"237,2,23,When will the maintenance window end?,1,7.9,Month-to-month,6-12 Months,0.655,High"
"873,2,51,When will the maintenance window end?,0,29.1,Biennial,2+ Years,0.205,Low"
"874,0,53,Can I add more seats to my current plan?,0,29.133333333333333,Biennial,2+ Years,0.495,Medium"
"175,0,112,I love the new analytics feature! Great job.,0,5.833333333333333,Month-to-month,0-6 Months,0.01,Low"
"979,2,18,Just checking if my payment went through.,0,32.63333333333333,Biennial,2+ Years,0.03,Low"
"1052,2,51,Is there a tutorial for the new dashboard feature?,1,35.06666666666667,Biennial,2+ Years,0.145,Low"
"1080,1,5,I'm very frustrated with the downtime. This is unacceptable.,1,36.0,Biennial,2+ Years,1.0,Very High"
"131,0,19,Is there a tutorial for the new dashboard feature?,0,4.366666666666666,Month-to-month,0-6 Months,0.23,Low"
"923,0,15,Just checking if my payment went through.,0,30.766666666666666,Biennial,2+ Years,0.105,Low"
"818,0,19,How do I change my password?,0,27.266666666666666,Biennial,2+ Years,0.035,Low"
"830,0,52,Is there a tutorial for the new dashboard feature?,1,27.666666666666668,Biennial,2+ Years,0.02,Low"
"102,2,31,I need to update my billing address.,0,3.4,Month-to-month,0-6 Months,0.04,Low"
"921,2,57,I need to update my billing address.,0,30.7,Biennial,2+ Years,0.17,Low"
"265,1,5,I've been waiting for support for 3 days. I'm cancelling.,1,8.833333333333334,Month-to-month,6-12 Months,1.0,Very High"
"173,0,110,""Just upgraded to the Pro plan, excited to use it."",0,5.766666666666667,Month-to-month,0-6 Months,0.02,Low"
"326,2,18,I need to update my billing address.,0,10.866666666666667,Month-to-month,6-12 Months,0.16,Low"
"38,0,119,""Smooth experience so far, no complaints."",0,1.2666666666666666,Month-to-month,0-6 Months,0.0,Low"
"131,2,29,I need to update my billing address.,0,4.366666666666666,Month-to-month,0-6 Months,0.06,Low"
"874,0,70,The integration with Slack works perfectly.,0,29.133333333333333,Biennial,2+ Years,0.0,Low"
"627,2,55,I need to update my billing address.,0,20.9,Annual,1-2 Years,0.06,Low"
"525,0,15,When will the maintenance window end?,0,17.5,Annual,1-2 Years,0.03,Low"
"1093,2,46,Is there a tutorial for the new dashboard feature?,0,36.43333333333333,Biennial,2+ Years,0.07,Low"
"991,2,20,How do I change my password?,0,33.03333333333333,Biennial,2+ Years,0.55,Medium"
"684,1,5,The app crashes every time I try to upload a CSV.,1,22.8,Annual,1-2 Years,0.995,Very High"
"926,0,58,Is there a tutorial for the new dashboard feature?,0,30.866666666666667,Biennial,2+ Years,0.06,Low"
"555,2,23,I need to update my billing address.,0,18.5,Annual,1-2 Years,0.025,Low"
"666,1,3,The UI is too confusing. I can't find the export button.,0,22.2,Annual,1-2 Years,0.395,Low"
"313,2,8,Your API documentation is outdated and full of errors.,1,10.433333333333334,Month-to-month,6-12 Months,0.985,Very High"
"504,0,23,Can I add more seats to my current plan?,1,16.8,Annual,1-2 Years,0.635,High"
"543,0,51,When will the maintenance window end?,0,18.1,Annual,1-2 Years,0.05,Low"
"533,2,51,Just checking if my payment went through.,0,17.766666666666666,Annual,1-2 Years,0.06,Low"
"815,0,22,Is there a tutorial for the new dashboard feature?,0,27.166666666666668,Biennial,2+ Years,0.01,Low"
"446,1,12,I'm very frustrated with the downtime. This is unacceptable.,1,14.866666666666667,Annual,1-2 Years,0.995,Very High"
"350,1,8,Why did my subscription price increase without notice?,0,11.666666666666666,Month-to-month,6-12 Months,0.365,Low"
"732,2,16,I need to update my billing address.,0,24.4,Biennial,2+ Years,0.01,Low"
"662,1,11,Your API documentation is outdated and full of errors.,1,22.066666666666666,Annual,1-2 Years,0.995,Very High"
"627,2,8,Your API documentation is outdated and full of errors.,1,20.9,Annual,1-2 Years,0.99,Very High"
"294,2,33,Just checking if my payment went through.,0,9.8,Month-to-month,6-12 Months,0.02,Low"
"986,2,13,I've been waiting for support for 3 days. I'm cancelling.,0,32.86666666666667,Biennial,2+ Years,0.2,Low"
"758,0,82,""Smooth experience so far, no complaints."",0,25.266666666666666,Biennial,2+ Years,0.0,Low"
"388,1,5,The app crashes every time I try to upload a CSV.,1,12.933333333333334,Annual,1-2 Years,0.995,Very High"
"425,1,7,The UI is too confusing. I can't find the export button.,1,14.166666666666666,Annual,1-2 Years,0.995,Very High"
"213,0,82,Customer support was super helpful yesterday. Thanks!,0,7.1,Month-to-month,6-12 Months,0.01,Low"
"821,0,95,""Smooth experience so far, no complaints."",0,27.366666666666667,Biennial,2+ Years,0.025,Low"
"467,2,24,Can I add more seats to my current plan?,0,15.566666666666666,Annual,1-2 Years,0.005,Low"
"112,2,17,I need to update my billing address.,0,3.7333333333333334,Month-to-month,0-6 Months,0.075,Low"
"415,2,9,I'm very frustrated with the downtime. This is unacceptable.,1,13.833333333333334,Annual,1-2 Years,0.89,Very High"
"224,0,54,When will the maintenance window end?,0,7.466666666666667,Month-to-month,6-12 Months,0.03,Low"
"246,0,39,Is there a tutorial for the new dashboard feature?,0,8.2,Month-to-month,6-12 Months,0.02,Low"
"118,2,9,Why did my subscription price increase without notice?,1,3.933333333333333,Month-to-month,0-6 Months,1.0,Very High"
"637,0,33,I need to update my billing address.,0,21.233333333333334,Annual,1-2 Years,0.025,Low"
"277,2,46,How do I change my password?,1,9.233333333333333,Month-to-month,6-12 Months,0.205,Low"
"122,2,8,Your API documentation is outdated and full of errors.,1,4.066666666666666,Month-to-month,0-6 Months,0.945,Very High"
"253,0,15,Can I add more seats to my current plan?,0,8.433333333333334,Month-to-month,6-12 Months,0.25,Low"
"959,2,4,The UI is too confusing. I can't find the export button.,1,31.966666666666665,Biennial,2+ Years,0.855,Very High"
"758,0,59,I need to update my billing address.,0,25.266666666666666,Biennial,2+ Years,0.02,Low"
"425,2,28,I need to update my billing address.,0,14.166666666666666,Annual,1-2 Years,0.09,Low"
"414,2,8,Your API documentation is outdated and full of errors.,1,13.8,Annual,1-2 Years,0.985,Very High"
"286,2,51,Is there a tutorial for the new dashboard feature?,0,9.533333333333333,Month-to-month,6-12 Months,0.01,Low"
"429,2,9,I'm very frustrated with the downtime. This is unacceptable.,1,14.3,Annual,1-2 Years,0.91,Very High"
"83,0,58,Customer support was super helpful yesterday. Thanks!,0,2.7666666666666666,Month-to-month,0-6 Months,0.01,Low"
"522,0,56,Just checking if my payment went through.,0,17.4,Annual,1-2 Years,0.03,Low"
"91,0,24,When will the maintenance window end?,0,3.033333333333333,Month-to-month,0-6 Months,0.09,Low"
"708,2,58,I need to update my billing address.,0,23.6,Annual,1-2 Years,0.09,Low"
"423,0,45,Is there a tutorial for the new dashboard feature?,1,14.1,Annual,1-2 Years,0.645,High"
"146,0,113,Customer support was super helpful yesterday. Thanks!,0,4.866666666666666,Month-to-month,0-6 Months,0.04,Low"
"155,0,40,When will the maintenance window end?,0,5.166666666666667,Month-to-month,0-6 Months,0.105,Low"
"629,0,47,""Smooth experience so far, no complaints."",0,20.966666666666665,Annual,1-2 Years,0.0,Low"
"792,2,49,How do I change my password?,0,26.4,Biennial,2+ Years,0.025,Low"
"693,2,14,The UI is too confusing. I can't find the export button.,1,23.1,Annual,1-2 Years,0.91,Very High"
"632,2,44,Just checking if my payment went through.,0,21.066666666666666,Annual,1-2 Years,0.025,Low"
"843,2,55,I need to update my billing address.,0,28.1,Biennial,2+ Years,0.045,Low"
"1067,2,13,The app crashes every time I try to upload a CSV.,1,35.56666666666667,Biennial,2+ Years,0.815,Very High"
"664,2,27,How do I change my password?,0,22.133333333333333,Annual,1-2 Years,0.185,Low"
"722,0,101,This tool has saved my team so much time.,0,24.066666666666666,Biennial,1-2 Years,0.0,Low"
"82,2,7,Why did my subscription price increase without notice?,1,2.7333333333333334,Month-to-month,0-6 Months,1.0,Very High"
"320,0,34,How do I change my password?,1,10.666666666666666,Month-to-month,6-12 Months,0.715,High"
"918,0,29,Is there a tutorial for the new dashboard feature?,0,30.6,Biennial,2+ Years,0.035,Low"
"551,2,2,I'm very frustrated with the downtime. This is unacceptable.,0,18.366666666666667,Annual,1-2 Years,0.25,Low"
"162,2,40,I need to update my billing address.,0,5.4,Month-to-month,0-6 Months,0.06,Low"
"798,2,20,How do I change my password?,1,26.6,Biennial,2+ Years,0.65,High"
"154,1,2,I've been waiting for support for 3 days. I'm cancelling.,1,5.133333333333334,Month-to-month,0-6 Months,1.0,Very High"
"624,2,2,The app crashes every time I try to upload a CSV.,1,20.8,Annual,1-2 Years,1.0,Very High"
"135,1,5,Why did my subscription price increase without notice?,1,4.5,Month-to-month,0-6 Months,0.95,Very High"
"694,0,24,How do I change my password?,0,23.133333333333333,Annual,1-2 Years,0.035,Low"
"722,1,8,I've been waiting for support for 3 days. I'm cancelling.,1,24.066666666666666,Biennial,1-2 Years,0.95,Very High"
"66,1,10,Your API documentation is outdated and full of errors.,1,2.2,Month-to-month,0-6 Months,0.995,Very High"
"858,1,12,Why did my subscription price increase without notice?,1,28.6,Biennial,2+ Years,0.91,Very High"
"1018,0,65,Customer support was super helpful yesterday. Thanks!,0,33.93333333333333,Biennial,2+ Years,0.005,Low"
"586,0,58,The integration with Slack works perfectly.,0,19.533333333333335,Annual,1-2 Years,0.0,Low"
"311,2,5,The app crashes every time I try to upload a CSV.,1,10.366666666666667,Month-to-month,6-12 Months,0.985,Very High"
"561,2,29,Is there a tutorial for the new dashboard feature?,1,18.7,Annual,1-2 Years,0.705,High"
"670,0,77,The integration with Slack works perfectly.,0,22.333333333333332,Annual,1-2 Years,0.0,Low"
"435,0,82,The integration with Slack works perfectly.,0,14.5,Annual,1-2 Years,0.0,Low"
"812,0,51,How do I change my password?,0,27.066666666666666,Biennial,2+ Years,0.08,Low"
"90,0,35,Can I add more seats to my current plan?,0,3.0,Month-to-month,0-6 Months,0.035,Low"
"350,1,5,Your API documentation is outdated and full of errors.,1,11.666666666666666,Month-to-month,6-12 Months,0.96,Very High"
"32,1,11,I'm very frustrated with the downtime. This is unacceptable.,1,1.0666666666666667,Month-to-month,0-6 Months,0.99,Very High"
"199,1,4,Why did my subscription price increase without notice?,1,6.633333333333334,Month-to-month,6-12 Months,0.915,Very High"
"568,2,55,How do I change my password?,1,18.933333333333334,Annual,1-2 Years,0.655,High"
"664,0,82,Customer support was super helpful yesterday. Thanks!,0,22.133333333333333,Annual,1-2 Years,0.09,Low"
"236,2,8,The app crashes every time I try to upload a CSV.,1,7.866666666666666,Month-to-month,6-12 Months,0.985,Very High"
"522,1,11,The app crashes every time I try to upload a CSV.,0,17.4,Annual,1-2 Years,0.375,Low"
"982,0,58,Can I add more seats to my current plan?,0,32.733333333333334,Biennial,2+ Years,0.215,Low"
"198,2,33,How do I change my password?,0,6.6,Month-to-month,6-12 Months,0.08,Low"
"689,2,41,Can I add more seats to my current plan?,0,22.966666666666665,Annual,1-2 Years,0.015,Low"
"297,1,6,I'm very frustrated with the downtime. This is unacceptable.,1,9.9,Month-to-month,6-12 Months,0.995,Very High"
"1051,0,19,Is there a tutorial for the new dashboard feature?,1,35.03333333333333,Biennial,2+ Years,0.7,High"
"722,1,7,The UI is too confusing. I can't find the export button.,1,24.066666666666666,Biennial,1-2 Years,0.98,Very High"
"667,0,76,I love the new analytics feature! Great job.,0,22.233333333333334,Annual,1-2 Years,0.005,Low"
"175,0,99,""Just upgraded to the Pro plan, excited to use it."",0,5.833333333333333,Month-to-month,0-6 Months,0.0,Low"
"1011,1,14,Why did my subscription price increase without notice?,0,33.7,Biennial,2+ Years,0.345,Low"
"427,2,24,How do I change my password?,0,14.233333333333333,Annual,1-2 Years,0.125,Low"
"652,0,76,""Smooth experience so far, no complaints."",0,21.733333333333334,Annual,1-2 Years,0.0,Low"
"903,2,7,Your API documentation is outdated and full of errors.,1,30.1,Biennial,2+ Years,0.915,Very High"
"865,0,45,When will the maintenance window end?,0,28.833333333333332,Biennial,2+ Years,0.0,Low"
"435,1,1,The app crashes every time I try to upload a CSV.,1,14.5,Annual,1-2 Years,1.0,Very High"
"1069,2,23,Can I add more seats to my current plan?,0,35.63333333333333,Biennial,2+ Years,0.105,Low"
"318,2,8,The UI is too confusing. I can't find the export button.,1,10.6,Month-to-month,6-12 Months,0.99,Very High"
"339,0,119,This tool has saved my team so much time.,0,11.3,Month-to-month,6-12 Months,0.0,Low"
"848,0,73,""Smooth experience so far, no complaints."",0,28.266666666666666,Biennial,2+ Years,0.0,Low"
"698,2,14,The app crashes every time I try to upload a CSV.,0,23.266666666666666,Annual,1-2 Years,0.995,Very High"
"442,0,83,""Smooth experience so far, no complaints."",0,14.733333333333333,Annual,1-2 Years,0.15,Low"
"96,0,60,""Smooth experience so far, no complaints."",0,3.2,Month-to-month,0-6 Months,0.025,Low"
"488,0,36,How do I change my password?,0,16.266666666666666,Annual,1-2 Years,0.065,Low"
"867,0,53,How do I change my password?,0,28.9,Biennial,2+ Years,0.055,Low"
"952,2,58,Can I add more seats to my current plan?,0,31.733333333333334,Biennial,2+ Years,0.265,Low"
"521,2,59,Can I add more seats to my current plan?,0,17.366666666666667,Annual,1-2 Years,0.14,Low"
"1084,2,10,I'm very frustrated with the downtime. This is unacceptable.,1,36.13333333333333,Biennial,2+ Years,0.89,Very High"
"98,0,70,I love the new analytics feature! Great job.,0,3.2666666666666666,Month-to-month,0-6 Months,0.075,Low"
"226,2,26,Is there a tutorial for the new dashboard feature?,0,7.533333333333333,Month-to-month,6-12 Months,0.03,Low"
"356,2,33,Just checking if my payment went through.,0,11.866666666666667,Month-to-month,6-12 Months,0.02,Low"
"982,0,49,""Just upgraded to the Pro plan, excited to use it."",1,32.733333333333334,Biennial,2+ Years,0.605,High"
"763,0,101,This tool has saved my team so much time.,0,25.433333333333334,Biennial,2+ Years,0.0,Low"
"202,2,14,I've been waiting for support for 3 days. I'm cancelling.,0,6.733333333333333,Month-to-month,6-12 Months,0.275,Low"
"62,1,14,Your API documentation is outdated and full of errors.,1,2.066666666666667,Month-to-month,0-6 Months,0.965,Very High"
"605,0,68,This tool has saved my team so much time.,0,20.166666666666668,Annual,1-2 Years,0.0,Low"
"1011,0,25,How do I change my password?,0,33.7,Biennial,2+ Years,0.16,Low"
"149,2,12,Why did my subscription price increase without notice?,1,4.966666666666667,Month-to-month,0-6 Months,0.975,Very High"
"390,2,1,The UI is too confusing. I can't find the export button.,1,13.0,Annual,1-2 Years,0.83,Very High"
"201,2,7,Why did my subscription price increase without notice?,1,6.7,Month-to-month,6-12 Months,0.96,Very High"
"1069,0,97,This tool has saved my team so much time.,0,35.63333333333333,Biennial,2+ Years,0.0,Low"
"635,0,117,""Smooth experience so far, no complaints."",0,21.166666666666668,Annual,1-2 Years,0.025,Low"
"1010,0,74,This tool has saved my team so much time.,0,33.666666666666664,Biennial,2+ Years,0.0,Low"
"95,2,31,Can I add more seats to my current plan?,0,3.1666666666666665,Month-to-month,0-6 Months,0.095,Low"
"869,1,8,Your API documentation is outdated and full of errors.,1,28.966666666666665,Biennial,2+ Years,0.84,Very High"
"442,0,83,""Just upgraded to the Pro plan, excited to use it."",0,14.733333333333333,Annual,1-2 Years,0.08,Low"
"1030,2,8,I'm very frustrated with the downtime. This is unacceptable.,0,34.333333333333336,Biennial,2+ Years,0.35,Low"
"405,2,5,Why did my subscription price increase without notice?,1,13.5,Annual,1-2 Years,0.92,Very High"
"1057,1,2,I've been waiting for support for 3 days. I'm cancelling.,1,35.233333333333334,Biennial,2+ Years,0.96,Very High"
"78,0,53,Just checking if my payment went through.,1,2.6,Month-to-month,0-6 Months,0.885,Very High"
"349,2,46,I need to update my billing address.,1,11.633333333333333,Month-to-month,6-12 Months,0.17,Low"
"1005,0,100,""Just upgraded to the Pro plan, excited to use it."",0,33.5,Biennial,2+ Years,0.0,Low"
"1087,0,52,I love the new analytics feature! Great job.,0,36.233333333333334,Biennial,2+ Years,0.01,Low"
"765,2,3,I'm very frustrated with the downtime. This is unacceptable.,0,25.5,Biennial,2+ Years,0.695,High"
"456,2,21,Can I add more seats to my current plan?,0,15.2,Annual,1-2 Years,0.015,Low"
"961,2,4,I've been waiting for support for 3 days. I'm cancelling.,0,32.03333333333333,Biennial,2+ Years,0.22,Low"
"214,2,10,Your API documentation is outdated and full of errors.,1,7.133333333333334,Month-to-month,6-12 Months,0.99,Very High"
"474,0,20,I need to update my billing address.,1,15.8,Annual,1-2 Years,0.895,Very High"
"901,1,5,The UI is too confusing. I can't find the export button.,1,30.033333333333335,Biennial,2+ Years,0.98,Very High"
"49,2,12,The app crashes every time I try to upload a CSV.,1,1.6333333333333333,Month-to-month,0-6 Months,0.955,Very High"
"356,2,43,I need to update my billing address.,0,11.866666666666667,Month-to-month,6-12 Months,0.2,Low"
"147,0,47,Is there a tutorial for the new dashboard feature?,0,4.9,Month-to-month,0-6 Months,0.035,Low"
"468,0,57,The integration with Slack works perfectly.,0,15.6,Annual,1-2 Years,0.0,Low"
"1055,0,64,This tool has saved my team so much time.,0,35.166666666666664,Biennial,2+ Years,0.0,Low"
"924,0,71,This tool has saved my team so much time.,0,30.8,Biennial,2+ Years,0.0,Low"
"51,0,49,Just checking if my payment went through.,0,1.7,Month-to-month,0-6 Months,0.36,Low"
"448,2,45,I need to update my billing address.,0,14.933333333333334,Annual,1-2 Years,0.095,Low"
"775,0,79,This tool has saved my team so much time.,0,25.833333333333332,Biennial,2+ Years,0.0,Low"
"40,2,28,Just checking if my payment went through.,0,1.3333333333333333,Month-to-month,0-6 Months,0.225,Low"
"181,1,14,I've been waiting for support for 3 days. I'm cancelling.,1,6.033333333333333,Month-to-month,6-12 Months,0.81,Very High"
"452,2,4,The UI is too confusing. I can't find the export button.,0,15.066666666666666,Annual,1-2 Years,0.405,Medium"
"19,0,57,Customer support was super helpful yesterday. Thanks!,0,0.6333333333333333,Month-to-month,0-6 Months,0.03,Low"
"101,0,53,The integration with Slack works perfectly.,1,3.3666666666666667,Month-to-month,0-6 Months,0.605,High"
"311,2,8,I'm very frustrated with the downtime. This is unacceptable.,1,10.366666666666667,Month-to-month,6-12 Months,0.95,Very High"
"174,2,1,Your API documentation is outdated and full of errors.,1,5.8,Month-to-month,0-6 Months,0.63,High"
"779,1,1,The app crashes every time I try to upload a CSV.,1,25.966666666666665,Biennial,2+ Years,0.985,Very High"
"883,0,43,When will the maintenance window end?,0,29.433333333333334,Biennial,2+ Years,0.0,Low"
"931,2,58,Just checking if my payment went through.,0,31.033333333333335,Biennial,2+ Years,0.075,Low"
"267,2,48,Just checking if my payment went through.,0,8.9,Month-to-month,6-12 Months,0.02,Low"
"1026,0,43,I need to update my billing address.,0,34.2,Biennial,2+ Years,0.015,Low"
"849,1,1,The UI is too confusing. I can't find the export button.,1,28.3,Biennial,2+ Years,0.955,Very High"
"594,2,52,I need to update my billing address.,0,19.8,Annual,1-2 Years,0.0,Low"
"128,0,32,Just checking if my payment went through.,0,4.266666666666667,Month-to-month,0-6 Months,0.02,Low"
"611,2,14,The app crashes every time I try to upload a CSV.,1,20.366666666666667,Annual,1-2 Years,0.995,Very High"
"360,2,43,When will the maintenance window end?,0,12.0,Annual,6-12 Months,0.045,Low"
"601,0,107,The integration with Slack works perfectly.,0,20.033333333333335,Annual,1-2 Years,0.0,Low"
"715,2,20,I need to update my billing address.,0,23.833333333333332,Annual,1-2 Years,0.02,Low"
"621,2,19,When will the maintenance window end?,0,20.7,Annual,1-2 Years,0.1,Low"
"875,1,5,Your API documentation is outdated and full of errors.,1,29.166666666666668,Biennial,2+ Years,0.945,Very High"
"691,0,96,Customer support was super helpful yesterday. Thanks!,0,23.033333333333335,Annual,1-2 Years,0.0,Low"
"607,0,104,""Just upgraded to the Pro plan, excited to use it."",0,20.233333333333334,Annual,1-2 Years,0.005,Low"
"166,0,49,The integration with Slack works perfectly.,0,5.533333333333333,Month-to-month,0-6 Months,0.1,Low"
"50,0,20,I need to update my billing address.,1,1.6666666666666667,Month-to-month,0-6 Months,0.775,High"
"748,2,10,The app crashes every time I try to upload a CSV.,1,24.933333333333334,Biennial,2+ Years,0.955,Very High"
"256,2,55,When will the maintenance window end?,0,8.533333333333333,Month-to-month,6-12 Months,0.085,Low"
"36,0,105,""Smooth experience so far, no complaints."",0,1.2,Month-to-month,0-6 Months,0.01,Low"
"1089,2,44,Is there a tutorial for the new dashboard feature?,0,36.3,Biennial,2+ Years,0.06,Low"
"450,0,118,This tool has saved my team so much time.,0,15.0,Annual,1-2 Years,0.0,Low"
"636,0,22,I need to update my billing address.,0,21.2,Annual,1-2 Years,0.15,Low"
"319,2,30,I need to update my billing address.,1,10.633333333333333,Month-to-month,6-12 Months,0.78,High"
"912,2,39,Just checking if my payment went through.,0,30.4,Biennial,2+ Years,0.055,Low"
"967,1,1,I'm very frustrated with the downtime. This is unacceptable.,1,32.233333333333334,Biennial,2+ Years,0.94,Very High"
"360,0,15,When will the maintenance window end?,0,12.0,Annual,6-12 Months,0.025,Low"
"1050,0,22,Is there a tutorial for the new dashboard feature?,0,35.0,Biennial,2+ Years,0.115,Low"
"785,2,4,I've been waiting for support for 3 days. I'm cancelling.,1,26.166666666666668,Biennial,2+ Years,0.19,Low"
"499,1,3,The app crashes every time I try to upload a CSV.,1,16.633333333333333,Annual,1-2 Years,0.995,Very High"
"974,1,7,The app crashes every time I try to upload a CSV.,1,32.46666666666667,Biennial,2+ Years,0.965,Very High"
"954,2,12,I've been waiting for support for 3 days. I'm cancelling.,1,31.8,Biennial,2+ Years,0.785,High"
"864,0,49,When will the maintenance window end?,0,28.8,Biennial,2+ Years,0.035,Low"
"118,0,65,This tool has saved my team so much time.,0,3.933333333333333,Month-to-month,0-6 Months,0.0,Low"
"664,0,65,Customer support was super helpful yesterday. Thanks!,0,22.133333333333333,Annual,1-2 Years,0.0,Low"
"403,2,48,Just checking if my payment went through.,0,13.433333333333334,Annual,1-2 Years,0.045,Low"
"1032,2,2,The UI is too confusing. I can't find the export button.,1,34.4,Biennial,2+ Years,0.895,Very High"
"529,2,28,Just checking if my payment went through.,0,17.633333333333333,Annual,1-2 Years,0.195,Low"
"593,0,51,This tool has saved my team so much time.,0,19.766666666666666,Annual,1-2 Years,0.0,Low"
"734,0,106,This tool has saved my team so much time.,0,24.466666666666665,Biennial,2+ Years,0.0,Low"
"282,0,56,Just checking if my payment went through.,1,9.4,Month-to-month,6-12 Months,0.735,High"
"528,2,5,The app crashes every time I try to upload a CSV.,0,17.6,Annual,1-2 Years,0.36,Low"
"1073,0,27,Just checking if my payment went through.,0,35.766666666666666,Biennial,2+ Years,0.05,Low"
"444,0,47,Customer support was super helpful yesterday. Thanks!,0,14.8,Annual,1-2 Years,0.0,Low"
"586,0,15,Can I add more seats to my current plan?,1,19.533333333333335,Annual,1-2 Years,0.695,High"
"113,1,12,I've been waiting for support for 3 days. I'm cancelling.,1,3.7666666666666666,Month-to-month,0-6 Months,0.965,Very High"
"844,0,32,Can I add more seats to my current plan?,0,28.133333333333333,Biennial,2+ Years,0.14,Low"
"925,1,8,I'm very frustrated with the downtime. This is unacceptable.,1,30.833333333333332,Biennial,2+ Years,1.0,Very High"
"362,0,54,I love the new analytics feature! Great job.,0,12.066666666666666,Annual,6-12 Months,0.01,Low"
"984,0,26,Can I add more seats to my current plan?,0,32.8,Biennial,2+ Years,0.035,Low"
"961,1,6,The UI is too confusing. I can't find the export button.,1,32.03333333333333,Biennial,2+ Years,0.98,Very High"
"363,0,58,Just checking if my payment went through.,0,12.1,Annual,6-12 Months,0.095,Low"
"106,2,18,How do I change my password?,0,3.533333333333333,Month-to-month,0-6 Months,0.125,Low"
"925,2,13,The UI is too confusing. I can't find the export button.,1,30.833333333333332,Biennial,2+ Years,0.995,Very High"
"867,2,9,The app crashes every time I try to upload a CSV.,0,28.9,Biennial,2+ Years,0.23,Low"
"477,0,21,When will the maintenance window end?,0,15.9,Annual,1-2 Years,0.08,Low"
"818,0,51,I need to update my billing address.,0,27.266666666666666,Biennial,2+ Years,0.005,Low"
"1040,2,11,I'm very frustrated with the downtime. This is unacceptable.,1,34.666666666666664,Biennial,2+ Years,0.82,Very High"
"407,2,14,The app crashes every time I try to upload a CSV.,1,13.566666666666666,Annual,1-2 Years,0.99,Very High"
"594,0,57,I need to update my billing address.,0,19.8,Annual,1-2 Years,0.005,Low"
"1044,0,33,Just checking if my payment went through.,1,34.8,Biennial,2+ Years,0.61,High"
"427,0,63,The integration with Slack works perfectly.,0,14.233333333333333,Annual,1-2 Years,0.0,Low"
"437,2,11,The app crashes every time I try to upload a CSV.,1,14.566666666666666,Annual,1-2 Years,0.975,Very High"
"446,2,44,Can I add more seats to my current plan?,0,14.866666666666667,Annual,1-2 Years,0.095,Low"
"824,0,63,This tool has saved my team so much time.,0,27.466666666666665,Biennial,2+ Years,0.0,Low"
"129,0,35,When will the maintenance window end?,0,4.3,Month-to-month,0-6 Months,0.06,Low"
"960,0,24,How do I change my password?,0,32.0,Biennial,2+ Years,0.115,Low"
"303,0,109,The integration with Slack works perfectly.,0,10.1,Month-to-month,6-12 Months,0.0,Low"
"287,2,30,When will the maintenance window end?,0,9.566666666666666,Month-to-month,6-12 Months,0.06,Low"
"964,1,12,Why did my subscription price increase without notice?,1,32.13333333333333,Biennial,2+ Years,0.82,Very High"
"19,0,46,I need to update my billing address.,0,0.6333333333333333,Month-to-month,0-6 Months,0.265,Low"
"557,0,21,When will the maintenance window end?,0,18.566666666666666,Annual,1-2 Years,0.095,Low"
"992,1,2,The UI is too confusing. I can't find the export button.,1,33.06666666666667,Biennial,2+ Years,0.99,Very High"
"286,0,62,This tool has saved my team so much time.,0,9.533333333333333,Month-to-month,6-12 Months,0.0,Low"
"399,1,2,The app crashes every time I try to upload a CSV.,1,13.3,Annual,1-2 Years,1.0,Very High"
"881,0,33,How do I change my password?,0,29.366666666666667,Biennial,2+ Years,0.05,Low"
"567,0,32,Just checking if my payment went through.,0,18.9,Annual,1-2 Years,0.0,Low"
"561,2,17,How do I change my password?,0,18.7,Annual,1-2 Years,0.05,Low"
"1062,2,8,I'm very frustrated with the downtime. This is unacceptable.,1,35.4,Biennial,2+ Years,0.9,Very High"
"822,0,27,Is there a tutorial for the new dashboard feature?,0,27.4,Biennial,2+ Years,0.0,Low"
"828,2,58,Is there a tutorial for the new dashboard feature?,1,27.6,Biennial,2+ Years,0.67,High"
"893,2,48,Just checking if my payment went through.,0,29.766666666666666,Biennial,2+ Years,0.405,Medium"
"377,0,53,Can I add more seats to my current plan?,0,12.566666666666666,Annual,1-2 Years,0.035,Low"
"844,0,116,""Just upgraded to the Pro plan, excited to use it."",0,28.133333333333333,Biennial,2+ Years,0.05,Low"
"91,2,23,How do I change my password?,0,3.033333333333333,Month-to-month,0-6 Months,0.145,Low"
"25,2,36,How do I change my password?,0,0.8333333333333334,Month-to-month,0-6 Months,0.22,Low"
"791,2,43,I need to update my billing address.,0,26.366666666666667,Biennial,2+ Years,0.21,Low"
"190,1,4,Your API documentation is outdated and full of errors.,1,6.333333333333333,Month-to-month,6-12 Months,0.95,Very High"
"300,0,26,Is there a tutorial for the new dashboard feature?,0,10.0,Month-to-month,6-12 Months,0.045,Low"
"781,1,3,Why did my subscription price increase without notice?,1,26.033333333333335,Biennial,2+ Years,0.99,Very High"
"130,1,2,The app crashes every time I try to upload a CSV.,1,4.333333333333333,Month-to-month,0-6 Months,0.97,Very High"
"1071,1,12,Your API documentation is outdated and full of errors.,1,35.7,Biennial,2+ Years,0.805,Very High"
"758,2,8,The app crashes every time I try to upload a CSV.,1,25.266666666666666,Biennial,2+ Years,0.895,Very High"
"826,2,7,The UI is too confusing. I can't find the export button.,1,27.533333333333335,Biennial,2+ Years,0.95,Very High"
"672,0,16,Is there a tutorial for the new dashboard feature?,0,22.4,Annual,1-2 Years,0.155,Low"
"617,1,2,Your API documentation is outdated and full of errors.,1,20.566666666666666,Annual,1-2 Years,0.93,Very High"
"693,1,4,The app crashes every time I try to upload a CSV.,1,23.1,Annual,1-2 Years,0.98,Very High"
"144,0,95,The integration with Slack works perfectly.,0,4.8,Month-to-month,0-6 Months,0.125,Low"
"547,0,52,Is there a tutorial for the new dashboard feature?,0,18.233333333333334,Annual,1-2 Years,0.03,Low"
"444,2,2,I've been waiting for support for 3 days. I'm cancelling.,1,14.8,Annual,1-2 Years,0.895,Very High"
"1017,0,85,""Smooth experience so far, no complaints."",0,33.9,Biennial,2+ Years,0.13,Low"
"183,1,14,Your API documentation is outdated and full of errors.,1,6.1,Month-to-month,6-12 Months,0.96,Very High"
"707,2,52,Can I add more seats to my current plan?,0,23.566666666666666,Annual,1-2 Years,0.015,Low"
"798,2,53,When will the maintenance window end?,0,26.6,Biennial,2+ Years,0.03,Low"
"420,0,44,Is there a tutorial for the new dashboard feature?,0,14.0,Annual,1-2 Years,0.19,Low"
"455,2,42,When will the maintenance window end?,0,15.166666666666666,Annual,1-2 Years,0.3,Low"
"308,2,15,Is there a tutorial for the new dashboard feature?,0,10.266666666666667,Month-to-month,6-12 Months,0.03,Low"
"8,2,57,Just checking if my payment went through.,0,0.26666666666666666,Month-to-month,0-6 Months,0.21,Low"
"1094,2,26,Is there a tutorial for the new dashboard feature?,0,36.46666666666667,Biennial,2+ Years,0.12,Low"
"782,2,16,Can I add more seats to my current plan?,0,26.066666666666666,Biennial,2+ Years,0.04,Low"
"136,0,90,""Smooth experience so far, no complaints."",0,4.533333333333333,Month-to-month,0-6 Months,0.07,Low"
"308,2,19,I need to update my billing address.,0,10.266666666666667,Month-to-month,6-12 Months,0.105,Low"
"840,0,49,When will the maintenance window end?,0,28.0,Biennial,2+ Years,0.14,Low"
"134,2,58,When will the maintenance window end?,0,4.466666666666667,Month-to-month,0-6 Months,0.095,Low"
"578,0,42,Can I add more seats to my current plan?,0,19.266666666666666,Annual,1-2 Years,0.03,Low"
"793,1,4,The UI is too confusing. I can't find the export button.,1,26.433333333333334,Biennial,2+ Years,0.835,Very High"
"821,0,47,This tool has saved my team so much time.,0,27.366666666666667,Biennial,2+ Years,0.0,Low"
"13,1,3,I'm very frustrated with the downtime. This is unacceptable.,1,0.43333333333333335,Month-to-month,0-6 Months,0.99,Very High"
"1040,0,65,""Just upgraded to the Pro plan, excited to use it."",0,34.666666666666664,Biennial,2+ Years,0.01,Low"
"330,2,18,Is there a tutorial for the new dashboard feature?,0,11.0,Month-to-month,6-12 Months,0.05,Low"
"596,2,57,Can I add more seats to my current plan?,0,19.866666666666667,Annual,1-2 Years,0.8,Very High"
"889,2,19,Can I add more seats to my current plan?,0,29.633333333333333,Biennial,2+ Years,0.02,Low"
"13,0,40,Just checking if my payment went through.,0,0.43333333333333335,Month-to-month,0-6 Months,0.02,Low"
"480,0,71,""Smooth experience so far, no complaints."",0,16.0,Annual,1-2 Years,0.055,Low"
"934,0,59,Can I add more seats to my current plan?,1,31.133333333333333,Biennial,2+ Years,0.175,Low"
"703,1,14,The UI is too confusing. I can't find the export button.,1,23.433333333333334,Annual,1-2 Years,0.93,Very High"
"302,2,10,Why did my subscription price increase without notice?,1,10.066666666666666,Month-to-month,6-12 Months,0.985,Very High"
"325,2,29,When will the maintenance window end?,0,10.833333333333334,Month-to-month,6-12 Months,0.005,Low"
"1052,0,95,""Smooth experience so far, no complaints."",0,35.06666666666667,Biennial,2+ Years,0.075,Low"
"363,2,3,The app crashes every time I try to upload a CSV.,1,12.1,Annual,6-12 Months,1.0,Very High"
"375,2,51,Can I add more seats to my current plan?,0,12.5,Annual,1-2 Years,0.11,Low"
"498,2,57,Can I add more seats to my current plan?,1,16.6,Annual,1-2 Years,0.745,High"
"41,1,9,Why did my subscription price increase without notice?,1,1.3666666666666667,Month-to-month,0-6 Months,0.895,Very High"
"352,1,14,The app crashes every time I try to upload a CSV.,0,11.733333333333333,Month-to-month,6-12 Months,0.28,Low"
"511,2,59,Is there a tutorial for the new dashboard feature?,0,17.033333333333335,Annual,1-2 Years,0.16,Low"
"950,0,87,""Smooth experience so far, no complaints."",0,31.666666666666668,Biennial,2+ Years,0.155,Low"
"70,2,10,The app crashes every time I try to upload a CSV.,1,2.3333333333333335,Month-to-month,0-6 Months,0.935,Very High"
"649,2,59,I need to update my billing address.,0,21.633333333333333,Annual,1-2 Years,0.02,Low"
"912,2,40,How do I change my password?,0,30.4,Biennial,2+ Years,0.01,Low"
"560,2,12,The app crashes every time I try to upload a CSV.,1,18.666666666666668,Annual,1-2 Years,0.935,Very High"
"290,2,41,Just checking if my payment went through.,0,9.666666666666666,Month-to-month,6-12 Months,0.015,Low"
"219,0,25,I need to update my billing address.,0,7.3,Month-to-month,6-12 Months,0.085,Low"
"85,0,97,This tool has saved my team so much time.,0,2.8333333333333335,Month-to-month,0-6 Months,0.0,Low"
"414,2,12,Why did my subscription price increase without notice?,1,13.8,Annual,1-2 Years,0.875,Very High"
"795,0,33,Can I add more seats to my current plan?,1,26.5,Biennial,2+ Years,0.68,High"
"401,0,29,Is there a tutorial for the new dashboard feature?,1,13.366666666666667,Annual,1-2 Years,0.675,High"
"318,0,51,I need to update my billing address.,0,10.6,Month-to-month,6-12 Months,0.02,Low"
"346,0,104,The integration with Slack works perfectly.,0,11.533333333333333,Month-to-month,6-12 Months,0.05,Low"
"766,2,52,How do I change my password?,0,25.533333333333335,Biennial,2+ Years,0.045,Low"
"601,2,4,The UI is too confusing. I can't find the export button.,1,20.033333333333335,Annual,1-2 Years,0.835,Very High"
"1089,0,26,How do I change my password?,0,36.3,Biennial,2+ Years,0.025,Low"
"990,0,25,How do I change my password?,1,33.0,Biennial,2+ Years,0.59,Medium"
"607,2,52,How do I change my password?,0,20.233333333333334,Annual,1-2 Years,0.03,Low"
"13,0,48,Customer support was super helpful yesterday. Thanks!,0,0.43333333333333335,Month-to-month,0-6 Months,0.02,Low"
"598,1,11,The app crashes every time I try to upload a CSV.,1,19.933333333333334,Annual,1-2 Years,0.855,Very High"
"1019,1,5,The UI is too confusing. I can't find the export button.,1,33.96666666666667,Biennial,2+ Years,0.925,Very High"
"307,2,14,Why did my subscription price increase without notice?,1,10.233333333333333,Month-to-month,6-12 Months,0.945,Very High"
"893,0,117,Customer support was super helpful yesterday. Thanks!,1,29.766666666666666,Biennial,2+ Years,0.195,Low"
"650,2,6,I've been waiting for support for 3 days. I'm cancelling.,1,21.666666666666668,Annual,1-2 Years,0.96,Very High"
"670,2,8,The app crashes every time I try to upload a CSV.,1,22.333333333333332,Annual,1-2 Years,0.945,Very High"
"447,0,37,Just checking if my payment went through.,0,14.9,Annual,1-2 Years,0.145,Low"
"866,0,20,When will the maintenance window end?,0,28.866666666666667,Biennial,2+ Years,0.155,Low"
"516,0,57,When will the maintenance window end?,0,17.2,Annual,1-2 Years,0.015,Low"
"355,0,49,Just checking if my payment went through.,0,11.833333333333334,Month-to-month,6-12 Months,0.58,Medium"
"520,2,28,How do I change my password?,0,17.333333333333332,Annual,1-2 Years,0.13,Low"
"704,0,26,How do I change my password?,1,23.466666666666665,Annual,1-2 Years,0.1,Low"
"296,1,7,Why did my subscription price increase without notice?,1,9.866666666666667,Month-to-month,6-12 Months,0.795,High"
"379,2,47,Is there a tutorial for the new dashboard feature?,0,12.633333333333333,Annual,1-2 Years,0.005,Low"
"814,2,8,Your API documentation is outdated and full of errors.,0,27.133333333333333,Biennial,2+ Years,0.3,Low"
"1014,0,80,Customer support was super helpful yesterday. Thanks!,0,33.8,Biennial,2+ Years,0.06,Low"
"817,0,51,When will the maintenance window end?,1,27.233333333333334,Biennial,2+ Years,0.665,High"
"431,2,10,The UI is too confusing. I can't find the export button.,1,14.366666666666667,Annual,1-2 Years,0.965,Very High"
"496,1,11,The UI is too confusing. I can't find the export button.,1,16.533333333333335,Annual,1-2 Years,0.635,High"
"160,0,24,I need to update my billing address.,0,5.333333333333333,Month-to-month,0-6 Months,0.105,Low"
"868,0,69,This tool has saved my team so much time.,0,28.933333333333334,Biennial,2+ Years,0.0,Low"
"600,1,6,I've been waiting for support for 3 days. I'm cancelling.,1,20.0,Annual,1-2 Years,0.95,Very High"
"1037,2,14,Your API documentation is outdated and full of errors.,1,34.56666666666667,Biennial,2+ Years,0.95,Very High"
"1050,1,13,The UI is too confusing. I can't find the export button.,1,35.0,Biennial,2+ Years,0.9,Very High"
"72,2,30,Can I add more seats to my current plan?,0,2.4,Month-to-month,0-6 Months,0.03,Low"
"430,2,2,Why did my subscription price increase without notice?,1,14.333333333333334,Annual,1-2 Years,0.935,Very High"
"546,0,105,I love the new analytics feature! Great job.,0,18.2,Annual,1-2 Years,0.005,Low"
"822,1,3,I'm very frustrated with the downtime. This is unacceptable.,1,27.4,Biennial,2+ Years,0.99,Very High"
"749,0,22,Can I add more seats to my current plan?,1,24.966666666666665,Biennial,2+ Years,0.23,Low"
"911,0,108,""Smooth experience so far, no complaints."",1,30.366666666666667,Biennial,2+ Years,0.63,High"
"658,2,28,Can I add more seats to my current plan?,0,21.933333333333334,Annual,1-2 Years,0.7,High"
"1004,2,48,Is there a tutorial for the new dashboard feature?,0,33.46666666666667,Biennial,2+ Years,0.01,Low"
"1002,1,6,Why did my subscription price increase without notice?,1,33.4,Biennial,2+ Years,0.89,Very High"
"777,2,7,Why did my subscription price increase without notice?,1,25.9,Biennial,2+ Years,0.995,Very High"
"855,0,52,Is there a tutorial for the new dashboard feature?,0,28.5,Biennial,2+ Years,0.03,Low"
"87,0,61,Customer support was super helpful yesterday. Thanks!,0,2.9,Month-to-month,0-6 Months,0.0,Low"
"564,0,104,""Just upgraded to the Pro plan, excited to use it."",0,18.8,Annual,1-2 Years,0.02,Low"
"152,0,71,Customer support was super helpful yesterday. Thanks!,0,5.066666666666666,Month-to-month,0-6 Months,0.0,Low"
"789,1,10,I'm very frustrated with the downtime. This is unacceptable.,1,26.3,Biennial,2+ Years,0.99,Very High"
"59,2,50,How do I change my password?,0,1.9666666666666666,Month-to-month,0-6 Months,0.04,Low"
"695,0,38,How do I change my password?,0,23.166666666666668,Annual,1-2 Years,0.055,Low"
"9,0,54,Is there a tutorial for the new dashboard feature?,0,0.3,Month-to-month,0-6 Months,0.06,Low"
"557,0,47,Can I add more seats to my current plan?,0,18.566666666666666,Annual,1-2 Years,0.015,Low"
"387,0,17,I need to update my billing address.,0,12.9,Annual,1-2 Years,0.115,Low"
"878,2,52,Is there a tutorial for the new dashboard feature?,1,29.266666666666666,Biennial,2+ Years,0.65,High"
"527,0,38,When will the maintenance window end?,0,17.566666666666666,Annual,1-2 Years,0.025,Low"
"892,2,31,Is there a tutorial for the new dashboard feature?,0,29.733333333333334,Biennial,2+ Years,0.105,Low"
"407,2,42,When will the maintenance window end?,1,13.566666666666666,Annual,1-2 Years,0.735,High"
"252,1,3,Your API documentation is outdated and full of errors.,1,8.4,Month-to-month,6-12 Months,0.82,Very High"
"566,0,36,Is there a tutorial for the new dashboard feature?,0,18.866666666666667,Annual,1-2 Years,0.005,Low"
"197,2,5,Your API documentation is outdated and full of errors.,0,6.566666666666666,Month-to-month,6-12 Months,0.785,High"
"511,0,33,Just checking if my payment went through.,0,17.033333333333335,Annual,1-2 Years,0.12,Low"
"800,2,2,The app crashes every time I try to upload a CSV.,1,26.666666666666668,Biennial,2+ Years,0.97,Very High"
"598,1,14,Why did my subscription price increase without notice?,1,19.933333333333334,Annual,1-2 Years,0.985,Very High"
"817,0,106,I love the new analytics feature! Great job.,0,27.233333333333334,Biennial,2+ Years,0.0,Low"
"591,2,29,I need to update my billing address.,0,19.7,Annual,1-2 Years,0.17,Low"
"669,2,48,Just checking if my payment went through.,0,22.3,Annual,1-2 Years,0.04,Low"
"37,2,55,How do I change my password?,0,1.2333333333333334,Month-to-month,0-6 Months,0.055,Low"
"827,0,56,The integration with Slack works perfectly.,0,27.566666666666666,Biennial,2+ Years,0.0,Low"
"594,2,51,Is there a tutorial for the new dashboard feature?,0,19.8,Annual,1-2 Years,0.055,Low"
"113,0,59,Customer support was super helpful yesterday. Thanks!,0,3.7666666666666666,Month-to-month,0-6 Months,0.0,Low"
"813,0,63,Customer support was super helpful yesterday. Thanks!,0,27.1,Biennial,2+ Years,0.14,Low"
"170,0,32,Just checking if my payment went through.,0,5.666666666666667,Month-to-month,0-6 Months,0.025,Low"
"816,2,38,I need to update my billing address.,1,27.2,Biennial,2+ Years,0.655,High"
"928,0,74,""Just upgraded to the Pro plan, excited to use it."",0,30.933333333333334,Biennial,2+ Years,0.055,Low"
"551,0,50,The integration with Slack works perfectly.,0,18.366666666666667,Annual,1-2 Years,0.05,Low"
"986,0,93,""Smooth experience so far, no complaints."",0,32.86666666666667,Biennial,2+ Years,0.015,Low"
"477,2,5,Your API documentation is outdated and full of errors.,1,15.9,Annual,1-2 Years,1.0,Very High"
"489,0,15,Is there a tutorial for the new dashboard feature?,0,16.3,Annual,1-2 Years,0.2,Low"
"1070,2,12,I've been waiting for support for 3 days. I'm cancelling.,0,35.666666666666664,Biennial,2+ Years,0.16,Low"
"278,0,59,I love the new analytics feature! Great job.,0,9.266666666666667,Month-to-month,6-12 Months,0.035,Low"
"853,1,13,Why did my subscription price increase without notice?,1,28.433333333333334,Biennial,2+ Years,0.39,Low"
"480,0,35,Can I add more seats to my current plan?,1,16.0,Annual,1-2 Years,0.13,Low"
"76,2,10,I've been waiting for support for 3 days. I'm cancelling.,1,2.533333333333333,Month-to-month,0-6 Months,0.88,Very High"
"639,0,76,""Smooth experience so far, no complaints."",0,21.3,Annual,1-2 Years,0.0,Low"
"338,0,109,I love the new analytics feature! Great job.,1,11.266666666666667,Month-to-month,6-12 Months,0.67,High"
"735,0,19,I need to update my billing address.,1,24.5,Biennial,2+ Years,0.805,Very High"
"997,0,57,I need to update my billing address.,0,33.233333333333334,Biennial,2+ Years,0.01,Low"
"67,2,54,I need to update my billing address.,0,2.2333333333333334,Month-to-month,0-6 Months,0.045,Low"
"302,0,65,""Just upgraded to the Pro plan, excited to use it."",0,10.066666666666666,Month-to-month,6-12 Months,0.04,Low"
"721,2,12,Your API documentation is outdated and full of errors.,0,24.033333333333335,Biennial,1-2 Years,0.385,Low"
"307,0,20,When will the maintenance window end?,1,10.233333333333333,Month-to-month,6-12 Months,0.605,High"
"132,0,49,Is there a tutorial for the new dashboard feature?,0,4.4,Month-to-month,0-6 Months,0.015,Low"
"891,2,59,Just checking if my payment went through.,0,29.7,Biennial,2+ Years,0.12,Low"
"990,0,33,I need to update my billing address.,0,33.0,Biennial,2+ Years,0.005,Low"
"914,2,53,I need to update my billing address.,0,30.466666666666665,Biennial,2+ Years,0.005,Low"
"70,0,91,The integration with Slack works perfectly.,1,2.3333333333333335,Month-to-month,0-6 Months,0.65,High"
"400,2,5,I've been waiting for support for 3 days. I'm cancelling.,1,13.333333333333334,Annual,1-2 Years,0.855,Very High"
"767,0,46,Can I add more seats to my current plan?,0,25.566666666666666,Biennial,2+ Years,0.07,Low"
"512,0,21,I need to update my billing address.,1,17.066666666666666,Annual,1-2 Years,0.785,High"
"161,2,20,When will the maintenance window end?,0,5.366666666666666,Month-to-month,0-6 Months,0.02,Low"
"877,1,2,The app crashes every time I try to upload a CSV.,1,29.233333333333334,Biennial,2+ Years,0.93,Very High"
"42,0,56,I need to update my billing address.,0,1.4,Month-to-month,0-6 Months,0.055,Low"
"954,0,57,Just checking if my payment went through.,0,31.8,Biennial,2+ Years,0.06,Low"
"111,1,3,Your API documentation is outdated and full of errors.,0,3.7,Month-to-month,0-6 Months,0.36,Low"
"1024,2,25,Can I add more seats to my current plan?,1,34.13333333333333,Biennial,2+ Years,0.62,High"
"575,0,92,I love the new analytics feature! Great job.,0,19.166666666666668,Annual,1-2 Years,0.0,Low"
"763,0,110,I love the new analytics feature! Great job.,0,25.433333333333334,Biennial,2+ Years,0.03,Low"
"681,2,41,Can I add more seats to my current plan?,0,22.7,Annual,1-2 Years,0.025,Low"
"228,0,91,The integration with Slack works perfectly.,0,7.6,Month-to-month,6-12 Months,0.03,Low"
"275,2,17,Can I add more seats to my current plan?,0,9.166666666666666,Month-to-month,6-12 Months,0.005,Low"
"958,2,14,I've been waiting for support for 3 days. I'm cancelling.,0,31.933333333333334,Biennial,2+ Years,0.16,Low"
"393,0,59,When will the maintenance window end?,0,13.1,Annual,1-2 Years,0.025,Low"
"349,0,95,Customer support was super helpful yesterday. Thanks!,0,11.633333333333333,Month-to-month,6-12 Months,0.0,Low"
"295,1,9,The app crashes every time I try to upload a CSV.,0,9.833333333333334,Month-to-month,6-12 Months,0.965,Very High"
"87,2,57,How do I change my password?,1,2.9,Month-to-month,0-6 Months,0.65,High"
"975,0,56,Customer support was super helpful yesterday. Thanks!,0,32.5,Biennial,2+ Years,0.025,Low"
"279,1,3,The app crashes every time I try to upload a CSV.,1,9.3,Month-to-month,6-12 Months,0.98,Very High"
"159,1,6,The app crashes every time I try to upload a CSV.,1,5.3,Month-to-month,0-6 Months,0.755,High"
"468,2,22,Just checking if my payment went through.,0,15.6,Annual,1-2 Years,0.085,Low"
"161,2,51,Is there a tutorial for the new dashboard feature?,0,5.366666666666666,Month-to-month,0-6 Months,0.16,Low"
"859,0,24,I need to update my billing address.,0,28.633333333333333,Biennial,2+ Years,0.005,Low"
"834,0,34,Is there a tutorial for the new dashboard feature?,0,27.8,Biennial,2+ Years,0.0,Low"
"395,0,40,I need to update my billing address.,0,13.166666666666666,Annual,1-2 Years,0.035,Low"
"1030,0,45,Is there a tutorial for the new dashboard feature?,0,34.333333333333336,Biennial,2+ Years,0.095,Low"
"189,0,80,Customer support was super helpful yesterday. Thanks!,0,6.3,Month-to-month,6-12 Months,0.0,Low"
"258,2,53,How do I change my password?,0,8.6,Month-to-month,6-12 Months,0.225,Low"
"606,1,10,The UI is too confusing. I can't find the export button.,1,20.2,Annual,1-2 Years,0.815,Very High"
"250,1,9,Why did my subscription price increase without notice?,0,8.333333333333334,Month-to-month,6-12 Months,0.24,Low"
"639,2,28,I need to update my billing address.,0,21.3,Annual,1-2 Years,0.08,Low"
"308,2,2,The app crashes every time I try to upload a CSV.,1,10.266666666666667,Month-to-month,6-12 Months,1.0,Very High"
"37,2,7,I've been waiting for support for 3 days. I'm cancelling.,1,1.2333333333333334,Month-to-month,0-6 Months,1.0,Very High"
"906,2,9,Your API documentation is outdated and full of errors.,1,30.2,Biennial,2+ Years,0.695,High"
"236,2,40,How do I change my password?,0,7.866666666666666,Month-to-month,6-12 Months,0.065,Low"
"220,2,40,When will the maintenance window end?,0,7.333333333333333,Month-to-month,6-12 Months,0.045,Low"
"482,2,54,How do I change my password?,0,16.066666666666666,Annual,1-2 Years,0.11,Low"
"78,0,20,Can I add more seats to my current plan?,0,2.6,Month-to-month,0-6 Months,0.575,Medium"
"701,0,98,Customer support was super helpful yesterday. Thanks!,0,23.366666666666667,Annual,1-2 Years,0.0,Low"
"590,0,23,Just checking if my payment went through.,0,19.666666666666668,Annual,1-2 Years,0.01,Low"
"338,2,50,Can I add more seats to my current plan?,0,11.266666666666667,Month-to-month,6-12 Months,0.09,Low"
"547,0,53,Just checking if my payment went through.,0,18.233333333333334,Annual,1-2 Years,0.12,Low"
"320,1,11,Your API documentation is outdated and full of errors.,1,10.666666666666666,Month-to-month,6-12 Months,0.975,Very High"
"376,1,8,Your API documentation is outdated and full of errors.,0,12.533333333333333,Annual,1-2 Years,0.295,Low"
"809,2,52,When will the maintenance window end?,0,26.966666666666665,Biennial,2+ Years,0.075,Low"
"955,0,52,Just checking if my payment went through.,0,31.833333333333332,Biennial,2+ Years,0.245,Low"
"1065,2,33,Can I add more seats to my current plan?,0,35.5,Biennial,2+ Years,0.015,Low"
"1055,2,17,When will the maintenance window end?,0,35.166666666666664,Biennial,2+ Years,0.13,Low"
"584,2,33,How do I change my password?,0,19.466666666666665,Annual,1-2 Years,0.025,Low"
"864,0,31,Just checking if my payment went through.,0,28.8,Biennial,2+ Years,0.04,Low"
"620,0,51,I need to update my billing address.,0,20.666666666666668,Annual,1-2 Years,0.0,Low"
"364,2,8,The UI is too confusing. I can't find the export button.,1,12.133333333333333,Annual,6-12 Months,0.995,Very High"
"17,2,32,Is there a tutorial for the new dashboard feature?,0,0.5666666666666667,Month-to-month,0-6 Months,0.625,High"
"653,2,54,Can I add more seats to my current plan?,0,21.766666666666666,Annual,1-2 Years,0.175,Low"
"784,2,44,When will the maintenance window end?,0,26.133333333333333,Biennial,2+ Years,0.055,Low"
"868,0,98,""Just upgraded to the Pro plan, excited to use it."",0,28.933333333333334,Biennial,2+ Years,0.005,Low"
"33,1,7,The app crashes every time I try to upload a CSV.,1,1.1,Month-to-month,0-6 Months,0.775,High"
"165,1,10,The UI is too confusing. I can't find the export button.,1,5.5,Month-to-month,0-6 Months,0.93,Very High"
"856,2,16,I need to update my billing address.,0,28.533333333333335,Biennial,2+ Years,0.04,Low"
"855,2,25,Just checking if my payment went through.,1,28.5,Biennial,2+ Years,0.645,High"
"522,0,78,The integration with Slack works perfectly.,0,17.4,Annual,1-2 Years,0.0,Low"
"291,0,87,Customer support was super helpful yesterday. Thanks!,0,9.7,Month-to-month,6-12 Months,0.0,Low"
"916,0,35,I need to update my billing address.,0,30.533333333333335,Biennial,2+ Years,0.015,Low"
"881,2,24,Is there a tutorial for the new dashboard feature?,0,29.366666666666667,Biennial,2+ Years,0.165,Low"
"929,2,43,Just checking if my payment went through.,0,30.966666666666665,Biennial,2+ Years,0.095,Low"
"617,0,15,When will the maintenance window end?,0,20.566666666666666,Annual,1-2 Years,0.075,Low"
"177,0,45,Is there a tutorial for the new dashboard feature?,0,5.9,Month-to-month,0-6 Months,0.115,Low"
"992,0,27,I need to update my billing address.,0,33.06666666666667,Biennial,2+ Years,0.0,Low"
"1049,0,79,""Just upgraded to the Pro plan, excited to use it."",0,34.96666666666667,Biennial,2+ Years,0.01,Low"
"619,2,22,Is there a tutorial for the new dashboard feature?,0,20.633333333333333,Annual,1-2 Years,0.13,Low"
"837,0,58,How do I change my password?,0,27.9,Biennial,2+ Years,0.005,Low"
"893,2,21,Just checking if my payment went through.,0,29.766666666666666,Biennial,2+ Years,0.08,Low"
"1,2,14,I'm very frustrated with the downtime. This is unacceptable.,0,0.03333333333333333,Month-to-month,0-6 Months,0.29,Low"
"1005,0,50,Is there a tutorial for the new dashboard feature?,0,33.5,Biennial,2+ Years,0.02,Low"
"950,0,15,Can I add more seats to my current plan?,0,31.666666666666668,Biennial,2+ Years,0.19,Low"
"936,2,12,I'm very frustrated with the downtime. This is unacceptable.,1,31.2,Biennial,2+ Years,0.96,Very High"
"1009,2,6,I've been waiting for support for 3 days. I'm cancelling.,1,33.63333333333333,Biennial,2+ Years,0.825,Very High"
"76,2,10,I'm very frustrated with the downtime. This is unacceptable.,1,2.533333333333333,Month-to-month,0-6 Months,0.83,Very High"
"845,2,47,When will the maintenance window end?,0,28.166666666666668,Biennial,2+ Years,0.055,Low"
"730,2,3,The app crashes every time I try to upload a CSV.,1,24.333333333333332,Biennial,1-2 Years,1.0,Very High"
"1030,2,39,Can I add more seats to my current plan?,0,34.333333333333336,Biennial,2+ Years,0.065,Low"
"156,2,47,How do I change my password?,0,5.2,Month-to-month,0-6 Months,0.035,Low"
"806,0,109,The integration with Slack works perfectly.,0,26.866666666666667,Biennial,2+ Years,0.125,Low"
"1060,2,29,Just checking if my payment went through.,0,35.333333333333336,Biennial,2+ Years,0.015,Low"
"468,2,30,How do I change my password?,0,15.6,Annual,1-2 Years,0.03,Low"
"42,0,61,I love the new analytics feature! Great job.,1,1.4,Month-to-month,0-6 Months,0.61,High"
"134,2,3,Your API documentation is outdated and full of errors.,1,4.466666666666667,Month-to-month,0-6 Months,0.745,High"
"763,2,28,When will the maintenance window end?,0,25.433333333333334,Biennial,2+ Years,0.025,Low"
"137,2,24,When will the maintenance window end?,0,4.566666666666666,Month-to-month,0-6 Months,0.085,Low"
"151,0,65,""Just upgraded to the Pro plan, excited to use it."",0,5.033333333333333,Month-to-month,0-6 Months,0.0,Low"
"494,2,10,The app crashes every time I try to upload a CSV.,1,16.466666666666665,Annual,1-2 Years,0.965,Very High"
"914,0,25,When will the maintenance window end?,0,30.466666666666665,Biennial,2+ Years,0.015,Low"
"348,0,49,""Smooth experience so far, no complaints."",0,11.6,Month-to-month,6-12 Months,0.11,Low"
"776,1,11,I'm very frustrated with the downtime. This is unacceptable.,1,25.866666666666667,Biennial,2+ Years,0.995,Very High"
"734,0,57,When will the maintenance window end?,0,24.466666666666665,Biennial,2+ Years,0.015,Low"
"318,2,54,Can I add more seats to my current plan?,0,10.6,Month-to-month,6-12 Months,0.015,Low"
"806,2,10,I'm very frustrated with the downtime. This is unacceptable.,0,26.866666666666667,Biennial,2+ Years,0.34,Low"
"622,2,35,How do I change my password?,0,20.733333333333334,Annual,1-2 Years,0.075,Low"
"194,2,36,Just checking if my payment went through.,0,6.466666666666667,Month-to-month,6-12 Months,0.0,Low"
"136,0,19,How do I change my password?,1,4.533333333333333,Month-to-month,0-6 Months,0.88,Very High"
"237,0,98,""Smooth experience so far, no complaints."",0,7.9,Month-to-month,6-12 Months,0.04,Low"
"90,0,25,I need to update my billing address.,1,3.0,Month-to-month,0-6 Months,0.71,High"
"725,2,43,Can I add more seats to my current plan?,0,24.166666666666668,Biennial,1-2 Years,0.01,Low"
"307,2,9,Your API documentation is outdated and full of errors.,1,10.233333333333333,Month-to-month,6-12 Months,0.99,Very High"
"399,1,13,Your API documentation is outdated and full of errors.,0,13.3,Annual,1-2 Years,0.33,Low"
"419,1,10,Your API documentation is outdated and full of errors.,1,13.966666666666667,Annual,1-2 Years,0.98,Very High"
"654,1,12,Your API documentation is outdated and full of errors.,1,21.8,Annual,1-2 Years,0.955,Very High"
"940,2,52,Can I add more seats to my current plan?,0,31.333333333333332,Biennial,2+ Years,0.035,Low"
"621,1,3,Your API documentation is outdated and full of errors.,0,20.7,Annual,1-2 Years,0.39,Low"
"871,0,28,Is there a tutorial for the new dashboard feature?,0,29.033333333333335,Biennial,2+ Years,0.035,Low"
"94,2,26,When will the maintenance window end?,0,3.1333333333333333,Month-to-month,0-6 Months,0.035,Low"
"808,0,25,I need to update my billing address.,0,26.933333333333334,Biennial,2+ Years,0.005,Low"
"187,2,9,Why did my subscription price increase without notice?,1,6.233333333333333,Month-to-month,6-12 Months,0.975,Very High"
"96,0,26,When will the maintenance window end?,0,3.2,Month-to-month,0-6 Months,0.09,Low"
"902,1,13,Your API documentation is outdated and full of errors.,1,30.066666666666666,Biennial,2+ Years,0.95,Very High"
"687,0,58,How do I change my password?,0,22.9,Annual,1-2 Years,0.04,Low"
"382,1,1,I'm very frustrated with the downtime. This is unacceptable.,1,12.733333333333333,Annual,1-2 Years,0.895,Very High"
"598,0,90,""Smooth experience so far, no complaints."",0,19.933333333333334,Annual,1-2 Years,0.115,Low"
"332,0,77,This tool has saved my team so much time.,0,11.066666666666666,Month-to-month,6-12 Months,0.0,Low"
"1087,2,21,Can I add more seats to my current plan?,0,36.233333333333334,Biennial,2+ Years,0.04,Low"
"561,2,13,The UI is too confusing. I can't find the export button.,1,18.7,Annual,1-2 Years,0.985,Very High"
"96,2,2,I've been waiting for support for 3 days. I'm cancelling.,1,3.2,Month-to-month,0-6 Months,0.965,Very High"
"780,0,51,Just checking if my payment went through.,1,26.0,Biennial,2+ Years,0.775,High"
"797,0,33,Just checking if my payment went through.,0,26.566666666666666,Biennial,2+ Years,0.105,Low"
"257,2,4,Your API documentation is outdated and full of errors.,1,8.566666666666666,Month-to-month,6-12 Months,0.915,Very High"
"418,0,114,""Smooth experience so far, no complaints."",0,13.933333333333334,Annual,1-2 Years,0.055,Low"
"288,0,56,Is there a tutorial for the new dashboard feature?,0,9.6,Month-to-month,6-12 Months,0.075,Low"
"810,0,19,Just checking if my payment went through.,0,27.0,Biennial,2+ Years,0.015,Low"
"639,2,8,Why did my subscription price increase without notice?,1,21.3,Annual,1-2 Years,0.985,Very High"
"575,2,8,Your API documentation is outdated and full of errors.,1,19.166666666666668,Annual,1-2 Years,0.99,Very High"
"827,0,83,Customer support was super helpful yesterday. Thanks!,0,27.566666666666666,Biennial,2+ Years,0.14,Low"
"277,2,17,When will the maintenance window end?,0,9.233333333333333,Month-to-month,6-12 Months,0.135,Low"
"561,2,36,Is there a tutorial for the new dashboard feature?,0,18.7,Annual,1-2 Years,0.215,Low"
"508,0,48,How do I change my password?,1,16.933333333333334,Annual,1-2 Years,0.045,Low"
"963,1,10,Your API documentation is outdated and full of errors.,1,32.1,Biennial,2+ Years,0.905,Very High"
"1063,1,14,I'm very frustrated with the downtime. This is unacceptable.,1,35.43333333333333,Biennial,2+ Years,1.0,Very High"
"211,0,99,This tool has saved my team so much time.,0,7.033333333333333,Month-to-month,6-12 Months,0.0,Low"
"654,2,3,The app crashes every time I try to upload a CSV.,1,21.8,Annual,1-2 Years,1.0,Very High"
"365,2,49,Can I add more seats to my current plan?,1,12.166666666666666,Annual,6-12 Months,0.63,High"
"997,0,36,Just checking if my payment went through.,0,33.233333333333334,Biennial,2+ Years,0.32,Low"
"839,1,2,Your API documentation is outdated and full of errors.,0,27.966666666666665,Biennial,2+ Years,0.785,High"
"1091,0,41,When will the maintenance window end?,0,36.36666666666667,Biennial,2+ Years,0.065,Low"
"243,0,40,Can I add more seats to my current plan?,0,8.1,Month-to-month,6-12 Months,0.025,Low"
"195,2,59,How do I change my password?,0,6.5,Month-to-month,6-12 Months,0.135,Low"
"384,2,12,The app crashes every time I try to upload a CSV.,1,12.8,Annual,1-2 Years,1.0,Very High"
"582,0,64,I love the new analytics feature! Great job.,0,19.4,Annual,1-2 Years,0.005,Low"
"437,0,52,When will the maintenance window end?,0,14.566666666666666,Annual,1-2 Years,0.04,Low"
"698,2,26,I need to update my billing address.,0,23.266666666666666,Annual,1-2 Years,0.2,Low"
"275,2,56,When will the maintenance window end?,0,9.166666666666666,Month-to-month,6-12 Months,0.115,Low"
"815,0,100,The integration with Slack works perfectly.,0,27.166666666666668,Biennial,2+ Years,0.02,Low"
"876,0,40,Can I add more seats to my current plan?,1,29.2,Biennial,2+ Years,0.655,High"
"302,0,25,I need to update my billing address.,0,10.066666666666666,Month-to-month,6-12 Months,0.04,Low"
"1083,0,85,Customer support was super helpful yesterday. Thanks!,0,36.1,Biennial,2+ Years,0.02,Low"
"242,2,56,Just checking if my payment went through.,0,8.066666666666666,Month-to-month,6-12 Months,0.14,Low"
"320,1,14,The app crashes every time I try to upload a CSV.,1,10.666666666666666,Month-to-month,6-12 Months,0.375,Low"
"132,0,113,I love the new analytics feature! Great job.,0,4.4,Month-to-month,0-6 Months,0.01,Low"
"877,1,9,I'm very frustrated with the downtime. This is unacceptable.,1,29.233333333333334,Biennial,2+ Years,0.96,Very High"
"714,0,37,I need to update my billing address.,0,23.8,Annual,1-2 Years,0.05,Low"
"101,1,1,The app crashes every time I try to upload a CSV.,1,3.3666666666666667,Month-to-month,0-6 Months,0.97,Very High"
"1047,1,4,The app crashes every time I try to upload a CSV.,1,34.9,Biennial,2+ Years,0.825,Very High"
"1051,1,4,I'm very frustrated with the downtime. This is unacceptable.,1,35.03333333333333,Biennial,2+ Years,1.0,Very High"
"75,0,49,Just checking if my payment went through.,1,2.5,Month-to-month,0-6 Months,0.81,Very High"
"84,2,7,The UI is too confusing. I can't find the export button.,1,2.8,Month-to-month,0-6 Months,0.93,Very High"
"660,0,38,I need to update my billing address.,0,22.0,Annual,1-2 Years,0.045,Low"
"312,0,22,How do I change my password?,0,10.4,Month-to-month,6-12 Months,0.105,Low"
"875,2,29,Can I add more seats to my current plan?,0,29.166666666666668,Biennial,2+ Years,0.04,Low"
"368,2,32,I need to update my billing address.,0,12.266666666666667,Annual,1-2 Years,0.47,Medium"
"103,2,48,Just checking if my payment went through.,0,3.433333333333333,Month-to-month,0-6 Months,0.015,Low"
"553,0,31,Can I add more seats to my current plan?,0,18.433333333333334,Annual,1-2 Years,0.015,Low"
"876,0,59,How do I change my password?,0,29.2,Biennial,2+ Years,0.005,Low"
"816,0,75,Customer support was super helpful yesterday. Thanks!,1,27.2,Biennial,2+ Years,0.65,High"
"527,2,5,Your API documentation is outdated and full of errors.,1,17.566666666666666,Annual,1-2 Years,1.0,Very High"
"703,0,56,Customer support was super helpful yesterday. Thanks!,0,23.433333333333334,Annual,1-2 Years,0.01,Low"
"701,2,58,Is there a tutorial for the new dashboard feature?,1,23.366666666666667,Annual,1-2 Years,0.77,High"
"516,1,6,The app crashes every time I try to upload a CSV.,1,17.2,Annual,1-2 Years,0.95,Very High"
"508,1,3,The UI is too confusing. I can't find the export button.,1,16.933333333333334,Annual,1-2 Years,0.97,Very High"
"150,2,28,I need to update my billing address.,0,5.0,Month-to-month,0-6 Months,0.0,Low"
"350,1,13,The UI is too confusing. I can't find the export button.,1,11.666666666666666,Month-to-month,6-12 Months,0.88,Very High"
"749,1,7,Why did my subscription price increase without notice?,1,24.966666666666665,Biennial,2+ Years,0.98,Very High"
"398,2,33,Just checking if my payment went through.,0,13.266666666666667,Annual,1-2 Years,0.025,Low"
"1020,1,13,I'm very frustrated with the downtime. This is unacceptable.,1,34.0,Biennial,2+ Years,0.995,Very High"
"673,2,13,I'm very frustrated with the downtime. This is unacceptable.,0,22.433333333333334,Annual,1-2 Years,0.42,Medium"
"534,2,10,I'm very frustrated with the downtime. This is unacceptable.,1,17.8,Annual,1-2 Years,0.91,Very High"
"1006,1,14,Why did my subscription price increase without notice?,1,33.53333333333333,Biennial,2+ Years,0.735,High"
"563,1,3,I'm very frustrated with the downtime. This is unacceptable.,1,18.766666666666666,Annual,1-2 Years,0.965,Very High"
"634,0,83,The integration with Slack works perfectly.,0,21.133333333333333,Annual,1-2 Years,0.0,Low"
"393,1,9,I'm very frustrated with the downtime. This is unacceptable.,0,13.1,Annual,1-2 Years,0.355,Low"
"993,1,10,The UI is too confusing. I can't find the export button.,1,33.1,Biennial,2+ Years,0.98,Very High"
"399,1,10,I'm very frustrated with the downtime. This is unacceptable.,1,13.3,Annual,1-2 Years,0.795,High"
"956,0,100,""Just upgraded to the Pro plan, excited to use it."",0,31.866666666666667,Biennial,2+ Years,0.025,Low"
"1053,2,45,Is there a tutorial for the new dashboard feature?,0,35.1,Biennial,2+ Years,0.075,Low"
"606,1,4,The app crashes every time I try to upload a CSV.,1,20.2,Annual,1-2 Years,0.985,Very High"
"699,1,3,I've been waiting for support for 3 days. I'm cancelling.,1,23.3,Annual,1-2 Years,0.895,Very High"
"444,2,59,Just checking if my payment went through.,1,14.8,Annual,1-2 Years,0.765,High"
"952,1,3,The app crashes every time I try to upload a CSV.,1,31.733333333333334,Biennial,2+ Years,0.99,Very High"
"1089,0,57,The integration with Slack works perfectly.,0,36.3,Biennial,2+ Years,0.0,Low"
"769,0,107,The integration with Slack works perfectly.,0,25.633333333333333,Biennial,2+ Years,0.06,Low"
"874,2,25,I need to update my billing address.,0,29.133333333333333,Biennial,2+ Years,0.03,Low"
"158,0,62,Customer support was super helpful yesterday. Thanks!,0,5.266666666666667,Month-to-month,0-6 Months,0.0,Low"
"893,2,5,I'm very frustrated with the downtime. This is unacceptable.,1,29.766666666666666,Biennial,2+ Years,0.95,Very High"
"450,0,87,""Smooth experience so far, no complaints."",1,15.0,Annual,1-2 Years,0.625,High"
"480,0,26,I need to update my billing address.,0,16.0,Annual,1-2 Years,0.185,Low"
"685,0,42,How do I change my password?,0,22.833333333333332,Annual,1-2 Years,0.03,Low"
"289,1,8,I've been waiting for support for 3 days. I'm cancelling.,1,9.633333333333333,Month-to-month,6-12 Months,0.995,Very High"
"546,2,36,How do I change my password?,0,18.2,Annual,1-2 Years,0.125,Low"
"390,0,48,I need to update my billing address.,0,13.0,Annual,1-2 Years,0.03,Low"
"914,0,40,Just checking if my payment went through.,0,30.466666666666665,Biennial,2+ Years,0.22,Low"
"674,0,66,The integration with Slack works perfectly.,0,22.466666666666665,Annual,1-2 Years,0.0,Low"
"419,2,36,I need to update my billing address.,1,13.966666666666667,Annual,1-2 Years,0.125,Low"
"392,2,51,I need to update my billing address.,0,13.066666666666666,Annual,1-2 Years,0.07,Low"
"141,0,20,How do I change my password?,1,4.7,Month-to-month,0-6 Months,0.88,Very High"
"840,0,47,""Smooth experience so far, no complaints."",0,28.0,Biennial,2+ Years,0.005,Low"
"146,0,47,The integration with Slack works perfectly.,0,4.866666666666666,Month-to-month,0-6 Months,0.095,Low"
"177,0,35,Is there a tutorial for the new dashboard feature?,0,5.9,Month-to-month,0-6 Months,0.02,Low"
"380,2,17,I need to update my billing address.,1,12.666666666666666,Annual,1-2 Years,0.68,High"
"1075,2,54,Is there a tutorial for the new dashboard feature?,0,35.833333333333336,Biennial,2+ Years,0.145,Low"
"269,0,20,When will the maintenance window end?,0,8.966666666666667,Month-to-month,6-12 Months,0.2,Low"
"872,1,6,I've been waiting for support for 3 days. I'm cancelling.,1,29.066666666666666,Biennial,2+ Years,1.0,Very High"
"276,2,14,The UI is too confusing. I can't find the export button.,0,9.2,Month-to-month,6-12 Months,0.255,Low"
"478,0,27,How do I change my password?,0,15.933333333333334,Annual,1-2 Years,0.01,Low"
"377,0,41,Just checking if my payment went through.,0,12.566666666666666,Annual,1-2 Years,0.095,Low"
"962,0,101,The integration with Slack works perfectly.,0,32.06666666666667,Biennial,2+ Years,0.02,Low"
"562,1,6,The app crashes every time I try to upload a CSV.,1,18.733333333333334,Annual,1-2 Years,0.98,Very High"
"309,2,10,Why did my subscription price increase without notice?,1,10.3,Month-to-month,6-12 Months,0.985,Very High"
"405,0,56,Just checking if my payment went through.,0,13.5,Annual,1-2 Years,0.045,Low"
"696,2,22,When will the maintenance window end?,0,23.2,Annual,1-2 Years,0.045,Low"
"1038,0,71,Customer support was super helpful yesterday. Thanks!,0,34.6,Biennial,2+ Years,0.04,Low"
"733,2,50,Can I add more seats to my current plan?,0,24.433333333333334,Biennial,2+ Years,0.02,Low"
"277,0,24,Can I add more seats to my current plan?,0,9.233333333333333,Month-to-month,6-12 Months,0.18,Low"
"42,2,39,How do I change my password?,0,1.4,Month-to-month,0-6 Months,0.045,Low"
"288,0,38,Is there a tutorial for the new dashboard feature?,0,9.6,Month-to-month,6-12 Months,0.06,Low"
"335,0,58,Can I add more seats to my current plan?,0,11.166666666666666,Month-to-month,6-12 Months,0.015,Low"
"836,1,6,I'm very frustrated with the downtime. This is unacceptable.,1,27.866666666666667,Biennial,2+ Years,0.995,Very High"
"311,2,32,When will the maintenance window end?,0,10.366666666666667,Month-to-month,6-12 Months,0.015,Low"
"375,0,20,Can I add more seats to my current plan?,1,12.5,Annual,1-2 Years,0.65,High"
"369,0,93,""Just upgraded to the Pro plan, excited to use it."",0,12.3,Annual,1-2 Years,0.17,Low"
"689,1,1,The app crashes every time I try to upload a CSV.,1,22.966666666666665,Annual,1-2 Years,1.0,Very High"
"871,1,9,The UI is too confusing. I can't find the export button.,0,29.033333333333335,Biennial,2+ Years,0.33,Low"
"133,0,106,The integration with Slack works perfectly.,0,4.433333333333334,Month-to-month,0-6 Months,0.235,Low"
"836,0,23,I need to update my billing address.,0,27.866666666666667,Biennial,2+ Years,0.01,Low"
"280,2,7,Your API documentation is outdated and full of errors.,1,9.333333333333334,Month-to-month,6-12 Months,1.0,Very High"
"798,2,33,How do I change my password?,0,26.6,Biennial,2+ Years,0.295,Low"
"1071,0,27,How do I change my password?,0,35.7,Biennial,2+ Years,0.015,Low"
"532,2,13,Your API documentation is outdated and full of errors.,1,17.733333333333334,Annual,1-2 Years,0.89,Very High"
"190,1,4,The UI is too confusing. I can't find the export button.,1,6.333333333333333,Month-to-month,6-12 Months,0.97,Very High"
"9,1,8,I'm very frustrated with the downtime. This is unacceptable.,1,0.3,Month-to-month,0-6 Months,0.985,Very High"
"943,2,57,Can I add more seats to my current plan?,1,31.433333333333334,Biennial,2+ Years,0.78,High"
"405,0,104,""Just upgraded to the Pro plan, excited to use it."",1,13.5,Annual,1-2 Years,0.695,High"
"58,0,59,How do I change my password?,0,1.9333333333333333,Month-to-month,0-6 Months,0.19,Low"
"53,2,46,When will the maintenance window end?,0,1.7666666666666666,Month-to-month,0-6 Months,0.01,Low"
"836,2,27,Can I add more seats to my current plan?,0,27.866666666666667,Biennial,2+ Years,0.1,Low"
"541,0,111,The integration with Slack works perfectly.,0,18.033333333333335,Annual,1-2 Years,0.0,Low"
"1034,2,54,I need to update my billing address.,0,34.46666666666667,Biennial,2+ Years,0.255,Low"
"980,0,55,I need to update my billing address.,0,32.666666666666664,Biennial,2+ Years,0.005,Low"
"522,2,30,Just checking if my payment went through.,0,17.4,Annual,1-2 Years,0.045,Low"
"685,2,2,Why did my subscription price increase without notice?,0,22.833333333333332,Annual,1-2 Years,0.95,Very High"
"219,1,6,Why did my subscription price increase without notice?,0,7.3,Month-to-month,6-12 Months,0.29,Low"
"112,0,112,The integration with Slack works perfectly.,0,3.7333333333333334,Month-to-month,0-6 Months,0.26,Low"
"764,0,117,Customer support was super helpful yesterday. Thanks!,0,25.466666666666665,Biennial,2+ Years,0.1,Low"
"99,2,23,How do I change my password?,0,3.3,Month-to-month,0-6 Months,0.02,Low"
"236,2,20,I need to update my billing address.,0,7.866666666666666,Month-to-month,6-12 Months,0.025,Low"
"76,2,7,The app crashes every time I try to upload a CSV.,1,2.533333333333333,Month-to-month,0-6 Months,0.99,Very High"
"12,2,52,Just checking if my payment went through.,0,0.4,Month-to-month,0-6 Months,0.195,Low"
"680,2,54,I need to update my billing address.,1,22.666666666666668,Annual,1-2 Years,0.635,High"
"154,2,28,How do I change my password?,0,5.133333333333334,Month-to-month,0-6 Months,0.04,Low"
"931,1,7,I'm very frustrated with the downtime. This is unacceptable.,1,31.033333333333335,Biennial,2+ Years,1.0,Very High"
"196,1,1,I've been waiting for support for 3 days. I'm cancelling.,1,6.533333333333333,Month-to-month,6-12 Months,0.995,Very High"
"1019,1,5,Why did my subscription price increase without notice?,0,33.96666666666667,Biennial,2+ Years,0.74,High"
"429,0,54,Just checking if my payment went through.,0,14.3,Annual,1-2 Years,0.045,Low"
"771,0,17,When will the maintenance window end?,1,25.7,Biennial,2+ Years,0.815,Very High"
"1087,0,43,Just checking if my payment went through.,0,36.233333333333334,Biennial,2+ Years,0.2,Low"
"897,2,14,Your API documentation is outdated and full of errors.,1,29.9,Biennial,2+ Years,0.93,Very High"
"20,2,54,Just checking if my payment went through.,1,0.6666666666666666,Month-to-month,0-6 Months,0.885,Very High"
"535,2,20,When will the maintenance window end?,1,17.833333333333332,Annual,1-2 Years,0.645,High"
"339,1,9,I'm very frustrated with the downtime. This is unacceptable.,1,11.3,Month-to-month,6-12 Months,0.715,High"
"1033,1,13,I'm very frustrated with the downtime. This is unacceptable.,1,34.43333333333333,Biennial,2+ Years,0.985,Very High"
"698,0,25,Is there a tutorial for the new dashboard feature?,0,23.266666666666666,Annual,1-2 Years,0.08,Low"
"898,0,30,When will the maintenance window end?,1,29.933333333333334,Biennial,2+ Years,0.13,Low"
"252,2,29,I need to update my billing address.,1,8.4,Month-to-month,6-12 Months,0.655,High"
"366,2,53,When will the maintenance window end?,0,12.2,Annual,1-2 Years,0.19,Low"
"835,0,61,This tool has saved my team so much time.,0,27.833333333333332,Biennial,2+ Years,0.0,Low"
"873,1,5,I'm very frustrated with the downtime. This is unacceptable.,1,29.1,Biennial,2+ Years,1.0,Very High"
"729,0,52,I need to update my billing address.,0,24.3,Biennial,1-2 Years,0.015,Low"
"694,2,17,How do I change my password?,0,23.133333333333333,Annual,1-2 Years,0.12,Low"
"816,0,37,Just checking if my payment went through.,0,27.2,Biennial,2+ Years,0.26,Low"
"718,0,41,Can I add more seats to my current plan?,0,23.933333333333334,Annual,1-2 Years,0.015,Low"
"173,2,12,The UI is too confusing. I can't find the export button.,1,5.766666666666667,Month-to-month,0-6 Months,0.955,Very High"
"74,0,69,""Smooth experience so far, no complaints."",0,2.466666666666667,Month-to-month,0-6 Months,0.02,Low"
"86,0,31,Is there a tutorial for the new dashboard feature?,0,2.8666666666666667,Month-to-month,0-6 Months,0.01,Low"
"369,2,55,I need to update my billing address.,1,12.3,Annual,1-2 Years,0.715,High"
"794,0,44,How do I change my password?,0,26.466666666666665,Biennial,2+ Years,0.015,Low"
"476,0,27,How do I change my password?,0,15.866666666666667,Annual,1-2 Years,0.01,Low"
"920,0,87,Customer support was super helpful yesterday. Thanks!,0,30.666666666666668,Biennial,2+ Years,0.095,Low"
"652,2,46,Can I add more seats to my current plan?,1,21.733333333333334,Annual,1-2 Years,0.69,High"
"777,1,12,Your API documentation is outdated and full of errors.,1,25.9,Biennial,2+ Years,0.84,Very High"
"215,1,8,The app crashes every time I try to upload a CSV.,1,7.166666666666667,Month-to-month,6-12 Months,0.905,Very High"
"20,2,43,Is there a tutorial for the new dashboard feature?,1,0.6666666666666666,Month-to-month,0-6 Months,0.68,High"
"531,1,13,Why did my subscription price increase without notice?,0,17.7,Annual,1-2 Years,0.285,Low"
"850,0,48,How do I change my password?,0,28.333333333333332,Biennial,2+ Years,0.005,Low"
"991,2,6,The UI is too confusing. I can't find the export button.,1,33.03333333333333,Biennial,2+ Years,0.82,Very High"
"981,2,23,Can I add more seats to my current plan?,0,32.7,Biennial,2+ Years,0.055,Low"
"593,0,58,This tool has saved my team so much time.,0,19.766666666666666,Annual,1-2 Years,0.0,Low"
"840,1,13,Why did my subscription price increase without notice?,0,28.0,Biennial,2+ Years,0.29,Low"
"776,0,18,Can I add more seats to my current plan?,0,25.866666666666667,Biennial,2+ Years,0.13,Low"
"1072,1,8,Your API documentation is outdated and full of errors.,1,35.733333333333334,Biennial,2+ Years,0.68,High"
"807,0,51,Just checking if my payment went through.,0,26.9,Biennial,2+ Years,0.11,Low"
"956,2,56,Is there a tutorial for the new dashboard feature?,0,31.866666666666667,Biennial,2+ Years,0.095,Low"
"599,1,5,Why did my subscription price increase without notice?,1,19.966666666666665,Annual,1-2 Years,0.99,Very High"
"581,2,59,Just checking if my payment went through.,0,19.366666666666667,Annual,1-2 Years,0.14,Low"
"204,0,36,Can I add more seats to my current plan?,0,6.8,Month-to-month,6-12 Months,0.01,Low"
"480,1,13,The UI is too confusing. I can't find the export button.,1,16.0,Annual,1-2 Years,0.77,High"
"13,2,5,The UI is too confusing. I can't find the export button.,0,0.43333333333333335,Month-to-month,0-6 Months,0.315,Low"
"307,0,95,""Just upgraded to the Pro plan, excited to use it."",0,10.233333333333333,Month-to-month,6-12 Months,0.045,Low"
"151,0,87,""Just upgraded to the Pro plan, excited to use it."",0,5.033333333333333,Month-to-month,0-6 Months,0.0,Low"
"222,0,82,""Just upgraded to the Pro plan, excited to use it."",0,7.4,Month-to-month,6-12 Months,0.005,Low"
"531,2,14,The UI is too confusing. I can't find the export button.,0,17.7,Annual,1-2 Years,0.7,High"
"396,2,4,Your API documentation is outdated and full of errors.,1,13.2,Annual,1-2 Years,0.895,Very High"
"921,0,111,Customer support was super helpful yesterday. Thanks!,0,30.7,Biennial,2+ Years,0.195,Low"
"139,2,2,Why did my subscription price increase without notice?,1,4.633333333333334,Month-to-month,0-6 Months,0.945,Very High"
"541,0,49,Can I add more seats to my current plan?,0,18.033333333333335,Annual,1-2 Years,0.035,Low"
"541,2,27,When will the maintenance window end?,0,18.033333333333335,Annual,1-2 Years,0.06,Low"
"111,2,4,The UI is too confusing. I can't find the export button.,1,3.7,Month-to-month,0-6 Months,0.925,Very High"
"1000,2,55,Just checking if my payment went through.,1,33.333333333333336,Biennial,2+ Years,0.69,High"
"423,0,52,Can I add more seats to my current plan?,1,14.1,Annual,1-2 Years,0.035,Low"
"907,0,43,I need to update my billing address.,0,30.233333333333334,Biennial,2+ Years,0.0,Low"
"971,2,8,The app crashes every time I try to upload a CSV.,0,32.36666666666667,Biennial,2+ Years,0.235,Low"
"424,2,28,Just checking if my payment went through.,1,14.133333333333333,Annual,1-2 Years,0.66,High"
"1090,0,21,Is there a tutorial for the new dashboard feature?,0,36.333333333333336,Biennial,2+ Years,0.08,Low"
"18,0,31,When will the maintenance window end?,1,0.6,Month-to-month,0-6 Months,0.66,High"
"657,2,40,Is there a tutorial for the new dashboard feature?,1,21.9,Annual,1-2 Years,0.62,High"
"72,2,34,I need to update my billing address.,0,2.4,Month-to-month,0-6 Months,0.0,Low"
"743,0,97,The integration with Slack works perfectly.,0,24.766666666666666,Biennial,2+ Years,0.015,Low"
"188,2,10,The app crashes every time I try to upload a CSV.,1,6.266666666666667,Month-to-month,6-12 Months,0.995,Very High"
"240,0,38,Can I add more seats to my current plan?,0,8.0,Month-to-month,6-12 Months,0.0,Low"
"973,0,55,Is there a tutorial for the new dashboard feature?,0,32.43333333333333,Biennial,2+ Years,0.0,Low"
"86,2,34,How do I change my password?,1,2.8666666666666667,Month-to-month,0-6 Months,0.61,High"
"659,2,1,Your API documentation is outdated and full of errors.,1,21.966666666666665,Annual,1-2 Years,0.99,Very High"
"814,0,50,This tool has saved my team so much time.,0,27.133333333333333,Biennial,2+ Years,0.005,Low"
"567,0,69,I love the new analytics feature! Great job.,0,18.9,Annual,1-2 Years,0.03,Low"
"284,0,45,I need to update my billing address.,1,9.466666666666667,Month-to-month,6-12 Months,0.675,High"
"492,0,48,How do I change my password?,0,16.4,Annual,1-2 Years,0.025,Low"
"390,2,29,How do I change my password?,0,13.0,Annual,1-2 Years,0.13,Low"
"251,2,46,Can I add more seats to my current plan?,0,8.366666666666667,Month-to-month,6-12 Months,0.345,Low"
"865,0,31,Just checking if my payment went through.,0,28.833333333333332,Biennial,2+ Years,0.04,Low"
"1029,2,29,When will the maintenance window end?,0,34.3,Biennial,2+ Years,0.13,Low"
"32,0,113,I love the new analytics feature! Great job.,0,1.0666666666666667,Month-to-month,0-6 Months,0.085,Low"
"819,0,46,Can I add more seats to my current plan?,0,27.3,Biennial,2+ Years,0.295,Low"
"353,2,20,How do I change my password?,0,11.766666666666667,Month-to-month,6-12 Months,0.14,Low"
"195,0,107,I love the new analytics feature! Great job.,0,6.5,Month-to-month,6-12 Months,0.045,Low"
"32,2,14,The app crashes every time I try to upload a CSV.,1,1.0666666666666667,Month-to-month,0-6 Months,0.95,Very High"
"472,1,2,Why did my subscription price increase without notice?,0,15.733333333333333,Annual,1-2 Years,0.34,Low"
"83,0,15,When will the maintenance window end?,0,2.7666666666666666,Month-to-month,0-6 Months,0.165,Low"
"473,1,7,The UI is too confusing. I can't find the export button.,1,15.766666666666667,Annual,1-2 Years,0.995,Very High"
"1045,0,99,This tool has saved my team so much time.,0,34.833333333333336,Biennial,2+ Years,0.0,Low"
"428,1,7,The UI is too confusing. I can't find the export button.,1,14.266666666666667,Annual,1-2 Years,0.995,Very High"
"774,1,12,Why did my subscription price increase without notice?,1,25.8,Biennial,2+ Years,0.98,Very High"
"948,2,20,When will the maintenance window end?,1,31.6,Biennial,2+ Years,0.73,High"
"706,2,11,Your API documentation is outdated and full of errors.,1,23.533333333333335,Annual,1-2 Years,0.945,Very High"
"236,0,19,Just checking if my payment went through.,1,7.866666666666666,Month-to-month,6-12 Months,0.64,High"
"520,1,8,Your API documentation is outdated and full of errors.,1,17.333333333333332,Annual,1-2 Years,0.94,Very High"
"644,2,42,Is there a tutorial for the new dashboard feature?,0,21.466666666666665,Annual,1-2 Years,0.085,Low"
"928,1,1,Why did my subscription price increase without notice?,1,30.933333333333334,Biennial,2+ Years,0.99,Very High"
"558,1,14,Why did my subscription price increase without notice?,1,18.6,Annual,1-2 Years,0.97,Very High"
"1090,0,36,I need to update my billing address.,0,36.333333333333336,Biennial,2+ Years,0.015,Low"
"763,2,5,Your API documentation is outdated and full of errors.,1,25.433333333333334,Biennial,2+ Years,0.88,Very High"
"379,2,8,I'm very frustrated with the downtime. This is unacceptable.,1,12.633333333333333,Annual,1-2 Years,0.945,Very High"
"232,1,6,I've been waiting for support for 3 days. I'm cancelling.,1,7.733333333333333,Month-to-month,6-12 Months,1.0,Very High"
"974,0,105,""Smooth experience so far, no complaints."",0,32.46666666666667,Biennial,2+ Years,0.03,Low"
"204,0,117,""Just upgraded to the Pro plan, excited to use it."",0,6.8,Month-to-month,6-12 Months,0.005,Low"
"651,1,12,I'm very frustrated with the downtime. This is unacceptable.,1,21.7,Annual,1-2 Years,0.995,Very High"
"87,0,51,Customer support was super helpful yesterday. Thanks!,0,2.9,Month-to-month,0-6 Months,0.0,Low"
"58,0,24,Is there a tutorial for the new dashboard feature?,0,1.9333333333333333,Month-to-month,0-6 Months,0.0,Low"
"911,2,55,I need to update my billing address.,0,30.366666666666667,Biennial,2+ Years,0.055,Low"
"923,1,6,I've been waiting for support for 3 days. I'm cancelling.,1,30.766666666666666,Biennial,2+ Years,0.97,Very High"
"819,1,13,I'm very frustrated with the downtime. This is unacceptable.,1,27.3,Biennial,2+ Years,0.985,Very High"
"221,0,50,""Smooth experience so far, no complaints."",0,7.366666666666666,Month-to-month,6-12 Months,0.065,Low"
"231,2,52,I need to update my billing address.,0,7.7,Month-to-month,6-12 Months,0.015,Low"
"855,0,107,Customer support was super helpful yesterday. Thanks!,0,28.5,Biennial,2+ Years,0.015,Low"
"313,0,41,Is there a tutorial for the new dashboard feature?,1,10.433333333333334,Month-to-month,6-12 Months,0.645,High"
"628,0,21,How do I change my password?,0,20.933333333333334,Annual,1-2 Years,0.015,Low"
"505,0,28,How do I change my password?,0,16.833333333333332,Annual,1-2 Years,0.025,Low"
"635,0,58,Can I add more seats to my current plan?,1,21.166666666666668,Annual,1-2 Years,0.64,High"
"740,0,53,Can I add more seats to my current plan?,0,24.666666666666668,Biennial,2+ Years,0.01,Low"
"723,2,29,Just checking if my payment went through.,1,24.1,Biennial,1-2 Years,0.05,Low"
"526,0,59,Is there a tutorial for the new dashboard feature?,0,17.533333333333335,Annual,1-2 Years,0.19,Low"
"689,0,94,This tool has saved my team so much time.,0,22.966666666666665,Annual,1-2 Years,0.0,Low"
"728,0,50,How do I change my password?,1,24.266666666666666,Biennial,1-2 Years,0.57,Medium"
"972,1,5,I'm very frustrated with the downtime. This is unacceptable.,1,32.4,Biennial,2+ Years,1.0,Very High"
"12,0,31,Just checking if my payment went through.,0,0.4,Month-to-month,0-6 Months,0.01,Low"
"941,1,14,Your API documentation is outdated and full of errors.,1,31.366666666666667,Biennial,2+ Years,0.96,Very High"
"380,2,51,Can I add more seats to my current plan?,0,12.666666666666666,Annual,1-2 Years,0.105,Low"
"945,0,43,I need to update my billing address.,0,31.5,Biennial,2+ Years,0.0,Low"
"445,1,2,The UI is too confusing. I can't find the export button.,1,14.833333333333334,Annual,1-2 Years,0.99,Very High"
"943,0,17,Is there a tutorial for the new dashboard feature?,0,31.433333333333334,Biennial,2+ Years,0.11,Low"
"849,2,44,I need to update my billing address.,0,28.3,Biennial,2+ Years,0.035,Low"
"821,0,113,I love the new analytics feature! Great job.,0,27.366666666666667,Biennial,2+ Years,0.01,Low"
"21,0,44,I need to update my billing address.,1,0.7,Month-to-month,0-6 Months,0.74,High"
"866,0,56,I need to update my billing address.,0,28.866666666666667,Biennial,2+ Years,0.0,Low"
"377,1,6,I've been waiting for support for 3 days. I'm cancelling.,1,12.566666666666666,Annual,1-2 Years,1.0,Very High"
"917,0,50,This tool has saved my team so much time.,0,30.566666666666666,Biennial,2+ Years,0.005,Low"
"386,1,5,The app crashes every time I try to upload a CSV.,1,12.866666666666667,Annual,1-2 Years,0.995,Very High"
"18,0,76,This tool has saved my team so much time.,0,0.6,Month-to-month,0-6 Months,0.005,Low"
"565,1,4,Why did my subscription price increase without notice?,1,18.833333333333332,Annual,1-2 Years,0.995,Very High"
"383,2,52,When will the maintenance window end?,1,12.766666666666667,Annual,1-2 Years,0.715,High"
"344,0,45,I love the new analytics feature! Great job.,0,11.466666666666667,Month-to-month,6-12 Months,0.03,Low"
"1025,0,29,How do I change my password?,0,34.166666666666664,Biennial,2+ Years,0.095,Low"
"1066,0,51,How do I change my password?,0,35.53333333333333,Biennial,2+ Years,0.055,Low"
"435,0,24,Just checking if my payment went through.,0,14.5,Annual,1-2 Years,0.075,Low"
"603,2,23,Is there a tutorial for the new dashboard feature?,1,20.1,Annual,1-2 Years,0.575,Medium"
"835,2,49,Is there a tutorial for the new dashboard feature?,0,27.833333333333332,Biennial,2+ Years,0.105,Low"
"267,2,8,I've been waiting for support for 3 days. I'm cancelling.,1,8.9,Month-to-month,6-12 Months,0.99,Very High"
"515,1,12,Why did my subscription price increase without notice?,0,17.166666666666668,Annual,1-2 Years,0.935,Very High"
"416,1,7,I'm very frustrated with the downtime. This is unacceptable.,1,13.866666666666667,Annual,1-2 Years,0.725,High"
"1002,0,19,Is there a tutorial for the new dashboard feature?,1,33.4,Biennial,2+ Years,0.67,High"
"610,2,51,When will the maintenance window end?,0,20.333333333333332,Annual,1-2 Years,0.07,Low"
"58,1,6,I'm very frustrated with the downtime. This is unacceptable.,1,1.9333333333333333,Month-to-month,0-6 Months,0.995,Very High"
"383,0,50,Customer support was super helpful yesterday. Thanks!,0,12.766666666666667,Annual,1-2 Years,0.0,Low"
"926,2,47,How do I change my password?,0,30.866666666666667,Biennial,2+ Years,0.01,Low"
"740,2,8,Your API documentation is outdated and full of errors.,1,24.666666666666668,Biennial,2+ Years,0.815,Very High"
"311,1,12,The app crashes every time I try to upload a CSV.,1,10.366666666666667,Month-to-month,6-12 Months,0.81,Very High"
"1046,0,25,When will the maintenance window end?,0,34.86666666666667,Biennial,2+ Years,0.0,Low"
"123,2,13,Why did my subscription price increase without notice?,1,4.1,Month-to-month,0-6 Months,0.87,Very High"
"695,0,22,When will the maintenance window end?,0,23.166666666666668,Annual,1-2 Years,0.13,Low"
"725,0,64,Customer support was super helpful yesterday. Thanks!,0,24.166666666666668,Biennial,1-2 Years,0.0,Low"
"434,1,4,I'm very frustrated with the downtime. This is unacceptable.,1,14.466666666666667,Annual,1-2 Years,0.955,Very High"
"44,1,3,I've been waiting for support for 3 days. I'm cancelling.,1,1.4666666666666666,Month-to-month,0-6 Months,1.0,Very High"
"318,0,25,Can I add more seats to my current plan?,0,10.6,Month-to-month,6-12 Months,0.1,Low"
"735,2,9,Why did my subscription price increase without notice?,1,24.5,Biennial,2+ Years,0.995,Very High"
"113,2,17,Just checking if my payment went through.,0,3.7666666666666666,Month-to-month,0-6 Months,0.065,Low"
"620,2,49,Is there a tutorial for the new dashboard feature?,0,20.666666666666668,Annual,1-2 Years,0.025,Low"
"338,0,79,This tool has saved my team so much time.,0,11.266666666666667,Month-to-month,6-12 Months,0.0,Low"
"563,0,79,Customer support was super helpful yesterday. Thanks!,0,18.766666666666666,Annual,1-2 Years,0.03,Low"
"988,0,45,Is there a tutorial for the new dashboard feature?,0,32.93333333333333,Biennial,2+ Years,0.035,Low"
"138,2,19,When will the maintenance window end?,1,4.6,Month-to-month,0-6 Months,0.005,Low"
"179,0,75,I love the new analytics feature! Great job.,0,5.966666666666667,Month-to-month,0-6 Months,0.0,Low"
"271,2,29,Is there a tutorial for the new dashboard feature?,0,9.033333333333333,Month-to-month,6-12 Months,0.31,Low"
"1076,1,11,The UI is too confusing. I can't find the export button.,1,35.86666666666667,Biennial,2+ Years,0.945,Very High"
"917,0,45,Just checking if my payment went through.,1,30.566666666666666,Biennial,2+ Years,0.675,High"
"596,2,41,Can I add more seats to my current plan?,0,19.866666666666667,Annual,1-2 Years,0.08,Low"
"958,1,12,Your API documentation is outdated and full of errors.,1,31.933333333333334,Biennial,2+ Years,0.915,Very High"
"974,1,14,Why did my subscription price increase without notice?,1,32.46666666666667,Biennial,2+ Years,0.87,Very High"
"951,2,6,The app crashes every time I try to upload a CSV.,1,31.7,Biennial,2+ Years,0.705,High"
"858,0,19,How do I change my password?,0,28.6,Biennial,2+ Years,0.05,Low"
"366,0,56,The integration with Slack works perfectly.,0,12.2,Annual,1-2 Years,0.005,Low"
"42,2,11,The UI is too confusing. I can't find the export button.,0,1.4,Month-to-month,0-6 Months,0.32,Low"
"503,0,58,Just checking if my payment went through.,0,16.766666666666666,Annual,1-2 Years,0.045,Low"
"710,2,56,Can I add more seats to my current plan?,0,23.666666666666668,Annual,1-2 Years,0.115,Low"
"924,2,14,I'm very frustrated with the downtime. This is unacceptable.,1,30.8,Biennial,2+ Years,0.815,Very High"
"363,1,3,Why did my subscription price increase without notice?,1,12.1,Annual,6-12 Months,0.905,Very High"
"44,2,27,Is there a tutorial for the new dashboard feature?,0,1.4666666666666666,Month-to-month,0-6 Months,0.225,Low"
"652,2,20,I need to update my billing address.,0,21.733333333333334,Annual,1-2 Years,0.02,Low"
"133,0,18,I need to update my billing address.,0,4.433333333333334,Month-to-month,0-6 Months,0.335,Low"
"456,0,35,Just checking if my payment went through.,0,15.2,Annual,1-2 Years,0.02,Low"
"786,0,35,Just checking if my payment went through.,0,26.2,Biennial,2+ Years,0.055,Low"
"392,0,44,When will the maintenance window end?,0,13.066666666666666,Annual,1-2 Years,0.06,Low"
"786,0,104,""Just upgraded to the Pro plan, excited to use it."",0,26.2,Biennial,2+ Years,0.055,Low"
"1089,0,45,""Just upgraded to the Pro plan, excited to use it."",0,36.3,Biennial,2+ Years,0.04,Low"
"193,2,16,How do I change my password?,0,6.433333333333334,Month-to-month,6-12 Months,0.065,Low"
"375,2,14,The app crashes every time I try to upload a CSV.,1,12.5,Annual,1-2 Years,0.97,Very High"
"556,2,7,I'm very frustrated with the downtime. This is unacceptable.,0,18.533333333333335,Annual,1-2 Years,0.35,Low"
"410,0,15,I need to update my billing address.,0,13.666666666666666,Annual,1-2 Years,0.08,Low"
"78,0,39,Can I add more seats to my current plan?,0,2.6,Month-to-month,0-6 Months,0.015,Low"
"1074,2,29,Just checking if my payment went through.,0,35.8,Biennial,2+ Years,0.005,Low"
"408,1,8,Your API documentation is outdated and full of errors.,1,13.6,Annual,1-2 Years,0.72,High"
"741,0,62,Customer support was super helpful yesterday. Thanks!,0,24.7,Biennial,2+ Years,0.005,Low"
"926,2,9,The UI is too confusing. I can't find the export button.,1,30.866666666666667,Biennial,2+ Years,0.95,Very High"
"719,0,59,When will the maintenance window end?,0,23.966666666666665,Annual,1-2 Years,0.005,Low"
"308,2,5,The app crashes every time I try to upload a CSV.,1,10.266666666666667,Month-to-month,6-12 Months,0.985,Very High"
"289,2,42,Is there a tutorial for the new dashboard feature?,0,9.633333333333333,Month-to-month,6-12 Months,0.01,Low"
"1059,2,31,Can I add more seats to my current plan?,0,35.3,Biennial,2+ Years,0.12,Low"
"947,2,2,The UI is too confusing. I can't find the export button.,1,31.566666666666666,Biennial,2+ Years,0.99,Very High"
"250,0,53,I love the new analytics feature! Great job.,0,8.333333333333334,Month-to-month,6-12 Months,0.0,Low"
"615,0,99,The integration with Slack works perfectly.,0,20.5,Annual,1-2 Years,0.005,Low"
"967,2,25,Is there a tutorial for the new dashboard feature?,0,32.233333333333334,Biennial,2+ Years,0.085,Low"
"514,0,109,""Just upgraded to the Pro plan, excited to use it."",0,17.133333333333333,Annual,1-2 Years,0.005,Low"
"462,0,70,The integration with Slack works perfectly.,0,15.4,Annual,1-2 Years,0.0,Low"
"554,1,10,The UI is too confusing. I can't find the export button.,0,18.466666666666665,Annual,1-2 Years,0.305,Low"
"1016,2,11,I've been waiting for support for 3 days. I'm cancelling.,0,33.86666666666667,Biennial,2+ Years,0.21,Low"
"843,0,57,When will the maintenance window end?,0,28.1,Biennial,2+ Years,0.145,Low"
"825,2,6,Why did my subscription price increase without notice?,1,27.5,Biennial,2+ Years,0.91,Very High"
"1035,2,39,Just checking if my payment went through.,0,34.5,Biennial,2+ Years,0.05,Low"
"342,0,31,Is there a tutorial for the new dashboard feature?,0,11.4,Month-to-month,6-12 Months,0.13,Low"
"206,1,13,Your API documentation is outdated and full of errors.,1,6.866666666666666,Month-to-month,6-12 Months,0.895,Very High"
"502,1,14,Why did my subscription price increase without notice?,1,16.733333333333334,Annual,1-2 Years,0.905,Very High"
"618,1,6,Your API documentation is outdated and full of errors.,1,20.6,Annual,1-2 Years,0.985,Very High"
"107,2,7,I'm very frustrated with the downtime. This is unacceptable.,0,3.566666666666667,Month-to-month,0-6 Months,0.26,Low"
"1036,1,7,I've been waiting for support for 3 days. I'm cancelling.,1,34.53333333333333,Biennial,2+ Years,0.9,Very High"
"175,2,42,Is there a tutorial for the new dashboard feature?,0,5.833333333333333,Month-to-month,0-6 Months,0.255,Low"
"425,1,10,Why did my subscription price increase without notice?,1,14.166666666666666,Annual,1-2 Years,0.925,Very High"
"833,2,22,When will the maintenance window end?,0,27.766666666666666,Biennial,2+ Years,0.07,Low"
"990,0,63,The integration with Slack works perfectly.,0,33.0,Biennial,2+ Years,0.0,Low"
"943,1,2,The UI is too confusing. I can't find the export button.,1,31.433333333333334,Biennial,2+ Years,0.985,Very High"
"875,1,2,I'm very frustrated with the downtime. This is unacceptable.,1,29.166666666666668,Biennial,2+ Years,0.96,Very High"
"873,1,13,The UI is too confusing. I can't find the export button.,1,29.1,Biennial,2+ Years,0.955,Very High"
"933,2,7,I'm very frustrated with the downtime. This is unacceptable.,1,31.1,Biennial,2+ Years,0.985,Very High"
"845,2,34,Can I add more seats to my current plan?,0,28.166666666666668,Biennial,2+ Years,0.015,Low"
"818,0,31,When will the maintenance window end?,0,27.266666666666666,Biennial,2+ Years,0.205,Low"
"73,2,50,How do I change my password?,0,2.433333333333333,Month-to-month,0-6 Months,0.045,Low"
"271,0,25,When will the maintenance window end?,0,9.033333333333333,Month-to-month,6-12 Months,0.06,Low"
"1071,1,8,Your API documentation is outdated and full of errors.,0,35.7,Biennial,2+ Years,0.285,Low"
"465,2,36,Just checking if my payment went through.,0,15.5,Annual,1-2 Years,0.035,Low"
"708,1,14,I'm very frustrated with the downtime. This is unacceptable.,1,23.6,Annual,1-2 Years,0.99,Very High"
"171,2,38,Can I add more seats to my current plan?,0,5.7,Month-to-month,0-6 Months,0.045,Low"
"695,2,19,Just checking if my payment went through.,1,23.166666666666668,Annual,1-2 Years,0.09,Low"
"274,1,4,I'm very frustrated with the downtime. This is unacceptable.,1,9.133333333333333,Month-to-month,6-12 Months,1.0,Very High"
"436,2,46,Is there a tutorial for the new dashboard feature?,1,14.533333333333333,Annual,1-2 Years,0.005,Low"
"993,0,90,""Smooth experience so far, no complaints."",1,33.1,Biennial,2+ Years,0.605,High"
"913,1,3,I've been waiting for support for 3 days. I'm cancelling.,1,30.433333333333334,Biennial,2+ Years,0.985,Very High"
"82,2,2,I'm very frustrated with the downtime. This is unacceptable.,0,2.7333333333333334,Month-to-month,0-6 Months,0.3,Low"
"390,0,22,Can I add more seats to my current plan?,0,13.0,Annual,1-2 Years,0.54,Medium"
"806,1,7,The app crashes every time I try to upload a CSV.,1,26.866666666666667,Biennial,2+ Years,0.955,Very High"
"1014,2,11,I'm very frustrated with the downtime. This is unacceptable.,1,33.8,Biennial,2+ Years,0.875,Very High"
"48,1,10,Why did my subscription price increase without notice?,1,1.6,Month-to-month,0-6 Months,0.98,Very High"
"258,0,28,Just checking if my payment went through.,1,8.6,Month-to-month,6-12 Months,0.34,Low"
"959,2,27,When will the maintenance window end?,1,31.966666666666665,Biennial,2+ Years,0.26,Low"
"148,2,7,The UI is too confusing. I can't find the export button.,1,4.933333333333334,Month-to-month,0-6 Months,0.985,Very High"
"917,0,49,I need to update my billing address.,1,30.566666666666666,Biennial,2+ Years,0.005,Low"
"568,0,28,When will the maintenance window end?,1,18.933333333333334,Annual,1-2 Years,0.595,Medium"
"481,1,2,I'm very frustrated with the downtime. This is unacceptable.,1,16.033333333333335,Annual,1-2 Years,0.9,Very High"
"988,0,85,I love the new analytics feature! Great job.,0,32.93333333333333,Biennial,2+ Years,0.055,Low"
"869,0,107,This tool has saved my team so much time.,0,28.966666666666665,Biennial,2+ Years,0.0,Low"
"233,0,65,""Smooth experience so far, no complaints."",1,7.766666666666667,Month-to-month,6-12 Months,0.615,High"
"587,2,54,I need to update my billing address.,0,19.566666666666666,Annual,1-2 Years,0.145,Low"
"993,2,5,The UI is too confusing. I can't find the export button.,0,33.1,Biennial,2+ Years,0.91,Very High"
"147,1,11,I've been waiting for support for 3 days. I'm cancelling.,1,4.9,Month-to-month,0-6 Months,0.97,Very High"
"271,2,42,I need to update my billing address.,1,9.033333333333333,Month-to-month,6-12 Months,0.67,High"
"561,2,13,The UI is too confusing. I can't find the export button.,1,18.7,Annual,1-2 Years,0.985,Very High"
"898,2,11,I've been waiting for support for 3 days. I'm cancelling.,1,29.933333333333334,Biennial,2+ Years,0.705,High"
"780,1,1,The app crashes every time I try to upload a CSV.,1,26.0,Biennial,2+ Years,0.985,Very High"
"179,1,5,The app crashes every time I try to upload a CSV.,0,5.966666666666667,Month-to-month,0-6 Months,0.305,Low"
"465,1,2,I've been waiting for support for 3 days. I'm cancelling.,1,15.5,Annual,1-2 Years,0.995,Very High"
"1054,2,43,Can I add more seats to my current plan?,0,35.13333333333333,Biennial,2+ Years,0.02,Low"
"626,2,53,Just checking if my payment went through.,0,20.866666666666667,Annual,1-2 Years,0.02,Low"
"511,2,18,I need to update my billing address.,0,17.033333333333335,Annual,1-2 Years,0.08,Low"
"304,0,37,When will the maintenance window end?,0,10.133333333333333,Month-to-month,6-12 Months,0.2,Low"
"272,0,95,""Just upgraded to the Pro plan, excited to use it."",0,9.066666666666666,Month-to-month,6-12 Months,0.005,Low"
"680,1,5,Your API documentation is outdated and full of errors.,1,22.666666666666668,Annual,1-2 Years,0.985,Very High"
"1055,0,36,How do I change my password?,0,35.166666666666664,Biennial,2+ Years,0.1,Low"
"283,2,10,The UI is too confusing. I can't find the export button.,1,9.433333333333334,Month-to-month,6-12 Months,0.99,Very High"
"801,0,102,The integration with Slack works perfectly.,1,26.7,Biennial,2+ Years,0.65,High"
"325,2,10,The UI is too confusing. I can't find the export button.,1,10.833333333333334,Month-to-month,6-12 Months,1.0,Very High"
"255,2,54,Is there a tutorial for the new dashboard feature?,0,8.5,Month-to-month,6-12 Months,0.01,Low"
"503,0,45,Is there a tutorial for the new dashboard feature?,0,16.766666666666666,Annual,1-2 Years,0.17,Low"
"864,0,46,Just checking if my payment went through.,0,28.8,Biennial,2+ Years,0.29,Low"
"263,0,42,Can I add more seats to my current plan?,0,8.766666666666667,Month-to-month,6-12 Months,0.0,Low"
"774,0,57,When will the maintenance window end?,0,25.8,Biennial,2+ Years,0.145,Low"
"497,1,14,I've been waiting for support for 3 days. I'm cancelling.,1,16.566666666666666,Annual,1-2 Years,0.9,Very High"
"691,2,37,I need to update my billing address.,0,23.033333333333335,Annual,1-2 Years,0.23,Low"
"855,2,15,Can I add more seats to my current plan?,0,28.5,Biennial,2+ Years,0.1,Low"
"661,1,1,Why did my subscription price increase without notice?,1,22.033333333333335,Annual,1-2 Years,0.985,Very High"
"711,0,43,I need to update my billing address.,0,23.7,Annual,1-2 Years,0.025,Low"
"637,2,16,I need to update my billing address.,0,21.233333333333334,Annual,1-2 Years,0.015,Low"
"304,0,44,How do I change my password?,0,10.133333333333333,Month-to-month,6-12 Months,0.045,Low"
"1069,1,1,Why did my subscription price increase without notice?,0,35.63333333333333,Biennial,2+ Years,0.745,High"
"836,2,24,Is there a tutorial for the new dashboard feature?,0,27.866666666666667,Biennial,2+ Years,0.29,Low"
"841,2,14,The app crashes every time I try to upload a CSV.,1,28.033333333333335,Biennial,2+ Years,0.79,High"
"759,2,31,How do I change my password?,0,25.3,Biennial,2+ Years,0.22,Low"
"891,2,9,I've been waiting for support for 3 days. I'm cancelling.,1,29.7,Biennial,2+ Years,0.805,Very High"
"15,2,1,I'm very frustrated with the downtime. This is unacceptable.,1,0.5,Month-to-month,0-6 Months,0.84,Very High"
"781,0,35,I need to update my billing address.,0,26.033333333333335,Biennial,2+ Years,0.03,Low"
"819,1,11,I've been waiting for support for 3 days. I'm cancelling.,1,27.3,Biennial,2+ Years,0.965,Very High"
"1077,0,16,Just checking if my payment went through.,0,35.9,Biennial,2+ Years,0.035,Low"
"747,1,12,Your API documentation is outdated and full of errors.,0,24.9,Biennial,2+ Years,0.335,Low"
"405,2,30,When will the maintenance window end?,1,13.5,Annual,1-2 Years,0.71,High"
"278,2,5,The app crashes every time I try to upload a CSV.,1,9.266666666666667,Month-to-month,6-12 Months,0.985,Very High"
"427,0,22,How do I change my password?,0,14.233333333333333,Annual,1-2 Years,0.015,Low"
"247,1,2,I've been waiting for support for 3 days. I'm cancelling.,1,8.233333333333333,Month-to-month,6-12 Months,1.0,Very High"
"240,1,10,I've been waiting for support for 3 days. I'm cancelling.,1,8.0,Month-to-month,6-12 Months,0.945,Very High"
"69,0,118,""Smooth experience so far, no complaints."",0,2.3,Month-to-month,0-6 Months,0.0,Low"
"1034,0,65,The integration with Slack works perfectly.,0,34.46666666666667,Biennial,2+ Years,0.0,Low"
"938,2,50,Can I add more seats to my current plan?,0,31.266666666666666,Biennial,2+ Years,0.025,Low"
"133,0,53,Is there a tutorial for the new dashboard feature?,0,4.433333333333334,Month-to-month,0-6 Months,0.03,Low"
"246,0,24,Just checking if my payment went through.,0,8.2,Month-to-month,6-12 Months,0.125,Low"
"46,1,10,The app crashes every time I try to upload a CSV.,0,1.5333333333333334,Month-to-month,0-6 Months,0.225,Low"
"712,0,40,When will the maintenance window end?,0,23.733333333333334,Annual,1-2 Years,0.105,Low"
"1039,2,7,Your API documentation is outdated and full of errors.,1,34.63333333333333,Biennial,2+ Years,0.955,Very High"
"869,1,4,I'm very frustrated with the downtime. This is unacceptable.,1,28.966666666666665,Biennial,2+ Years,1.0,Very High"
"521,2,5,The app crashes every time I try to upload a CSV.,1,17.366666666666667,Annual,1-2 Years,0.745,High"
"281,2,2,The app crashes every time I try to upload a CSV.,1,9.366666666666667,Month-to-month,6-12 Months,1.0,Very High"
"977,0,29,Can I add more seats to my current plan?,0,32.56666666666667,Biennial,2+ Years,0.035,Low"
"471,2,43,Just checking if my payment went through.,0,15.7,Annual,1-2 Years,0.04,Low"
"503,0,52,When will the maintenance window end?,0,16.766666666666666,Annual,1-2 Years,0.02,Low"
"499,1,14,I've been waiting for support for 3 days. I'm cancelling.,1,16.633333333333333,Annual,1-2 Years,0.855,Very High"
"902,2,3,The UI is too confusing. I can't find the export button.,1,30.066666666666666,Biennial,2+ Years,1.0,Very High"
"1086,2,30,Is there a tutorial for the new dashboard feature?,0,36.2,Biennial,2+ Years,0.15,Low"
"762,1,14,Your API documentation is outdated and full of errors.,1,25.4,Biennial,2+ Years,0.89,Very High"
"1071,2,9,I'm very frustrated with the downtime. This is unacceptable.,1,35.7,Biennial,2+ Years,0.925,Very High"
"701,0,49,""Just upgraded to the Pro plan, excited to use it."",0,23.366666666666667,Annual,1-2 Years,0.34,Low"
"894,0,86,The integration with Slack works perfectly.,0,29.8,Biennial,2+ Years,0.0,Low"
"79,0,21,Is there a tutorial for the new dashboard feature?,0,2.6333333333333333,Month-to-month,0-6 Months,0.0,Low"
"226,2,4,Why did my subscription price increase without notice?,0,7.533333333333333,Month-to-month,6-12 Months,0.25,Low"
"512,0,29,I need to update my billing address.,1,17.066666666666666,Annual,1-2 Years,0.27,Low"
"21,2,49,I need to update my billing address.,0,0.7,Month-to-month,0-6 Months,0.075,Low"
"1017,0,93,The integration with Slack works perfectly.,0,33.9,Biennial,2+ Years,0.0,Low"
"446,0,33,How do I change my password?,0,14.866666666666667,Annual,1-2 Years,0.055,Low"
"199,2,7,I've been waiting for support for 3 days. I'm cancelling.,1,6.633333333333334,Month-to-month,6-12 Months,0.97,Very High"
"797,2,4,I'm very frustrated with the downtime. This is unacceptable.,1,26.566666666666666,Biennial,2+ Years,0.945,Very High"
"1062,0,92,I love the new analytics feature! Great job.,0,35.4,Biennial,2+ Years,0.025,Low"
"748,2,12,The UI is too confusing. I can't find the export button.,1,24.933333333333334,Biennial,2+ Years,1.0,Very High"
"995,0,57,I need to update my billing address.,0,33.166666666666664,Biennial,2+ Years,0.01,Low"
"850,0,93,This tool has saved my team so much time.,0,28.333333333333332,Biennial,2+ Years,0.0,Low"
"1091,2,8,The UI is too confusing. I can't find the export button.,1,36.36666666666667,Biennial,2+ Years,0.855,Very High"
"647,1,12,Your API documentation is outdated and full of errors.,1,21.566666666666666,Annual,1-2 Years,0.955,Very High"
"403,1,1,The UI is too confusing. I can't find the export button.,1,13.433333333333334,Annual,1-2 Years,1.0,Very High"
"455,2,47,Is there a tutorial for the new dashboard feature?,0,15.166666666666666,Annual,1-2 Years,0.0,Low"
"1053,2,22,How do I change my password?,0,35.1,Biennial,2+ Years,0.2,Low"
"92,0,47,Is there a tutorial for the new dashboard feature?,0,3.066666666666667,Month-to-month,0-6 Months,0.01,Low"
"975,0,67,I love the new analytics feature! Great job.,0,32.5,Biennial,2+ Years,0.06,Low"
"375,2,32,When will the maintenance window end?,0,12.5,Annual,1-2 Years,0.095,Low"
"755,2,59,I need to update my billing address.,0,25.166666666666668,Biennial,2+ Years,0.035,Low"
"996,1,1,I've been waiting for support for 3 days. I'm cancelling.,1,33.2,Biennial,2+ Years,1.0,Very High"
"595,0,16,Can I add more seats to my current plan?,0,19.833333333333332,Annual,1-2 Years,0.25,Low"
"752,2,43,Can I add more seats to my current plan?,0,25.066666666666666,Biennial,2+ Years,0.075,Low"
"464,0,57,This tool has saved my team so much time.,0,15.466666666666667,Annual,1-2 Years,0.0,Low"
"282,0,51,When will the maintenance window end?,0,9.4,Month-to-month,6-12 Months,0.03,Low"
"960,0,79,I love the new analytics feature! Great job.,0,32.0,Biennial,2+ Years,0.11,Low"
"447,0,38,How do I change my password?,0,14.9,Annual,1-2 Years,0.01,Low"
"980,0,41,Just checking if my payment went through.,0,32.666666666666664,Biennial,2+ Years,0.095,Low"
"74,1,12,Your API documentation is outdated and full of errors.,1,2.466666666666667,Month-to-month,0-6 Months,0.99,Very High"
"205,2,2,I'm very frustrated with the downtime. This is unacceptable.,1,6.833333333333333,Month-to-month,6-12 Months,0.805,Very High"
"937,2,10,The app crashes every time I try to upload a CSV.,0,31.233333333333334,Biennial,2+ Years,0.45,Medium"
"559,0,65,""Smooth experience so far, no complaints."",0,18.633333333333333,Annual,1-2 Years,0.14,Low"
"974,0,106,This tool has saved my team so much time.,0,32.46666666666667,Biennial,2+ Years,0.0,Low"
"274,2,12,Your API documentation is outdated and full of errors.,1,9.133333333333333,Month-to-month,6-12 Months,0.97,Very High"
"784,1,7,Your API documentation is outdated and full of errors.,0,26.133333333333333,Biennial,2+ Years,0.31,Low"
"553,2,34,Just checking if my payment went through.,0,18.433333333333334,Annual,1-2 Years,0.055,Low"
"839,0,34,When will the maintenance window end?,1,27.966666666666665,Biennial,2+ Years,0.595,Medium"
"173,2,11,I'm very frustrated with the downtime. This is unacceptable.,1,5.766666666666667,Month-to-month,0-6 Months,0.975,Very High"
"292,0,92,The integration with Slack works perfectly.,0,9.733333333333333,Month-to-month,6-12 Months,0.0,Low"
"996,2,53,How do I change my password?,0,33.2,Biennial,2+ Years,0.02,Low"
"368,0,35,I need to update my billing address.,0,12.266666666666667,Annual,1-2 Years,0.07,Low"
"163,1,6,I've been waiting for support for 3 days. I'm cancelling.,1,5.433333333333334,Month-to-month,0-6 Months,1.0,Very High"
"950,0,103,""Smooth experience so far, no complaints."",0,31.666666666666668,Biennial,2+ Years,0.015,Low"
"331,0,82,""Just upgraded to the Pro plan, excited to use it."",0,11.033333333333333,Month-to-month,6-12 Months,0.125,Low"
"296,0,56,I love the new analytics feature! Great job.,0,9.866666666666667,Month-to-month,6-12 Months,0.005,Low"
"1024,2,27,I need to update my billing address.,0,34.13333333333333,Biennial,2+ Years,0.07,Low"
"292,0,101,The integration with Slack works perfectly.,0,9.733333333333333,Month-to-month,6-12 Months,0.015,Low"
"826,1,1,Why did my subscription price increase without notice?,1,27.533333333333335,Biennial,2+ Years,0.975,Very High"
"705,1,9,The UI is too confusing. I can't find the export button.,0,23.5,Annual,1-2 Years,0.56,Medium"
"694,0,19,Can I add more seats to my current plan?,0,23.133333333333333,Annual,1-2 Years,0.055,Low"
"792,0,53,Can I add more seats to my current plan?,0,26.4,Biennial,2+ Years,0.185,Low"
"864,0,18,Can I add more seats to my current plan?,1,28.8,Biennial,2+ Years,0.61,High"
"331,0,29,How do I change my password?,0,11.033333333333333,Month-to-month,6-12 Months,0.29,Low"
"779,0,46,How do I change my password?,0,25.966666666666665,Biennial,2+ Years,0.015,Low"
"630,2,42,I need to update my billing address.,0,21.0,Annual,1-2 Years,0.035,Low"
"1078,2,37,Is there a tutorial for the new dashboard feature?,1,35.93333333333333,Biennial,2+ Years,0.725,High"
"275,2,58,I need to update my billing address.,0,9.166666666666666,Month-to-month,6-12 Months,0.155,Low"
"986,1,10,Why did my subscription price increase without notice?,0,32.86666666666667,Biennial,2+ Years,0.455,Medium"
"35,0,24,Can I add more seats to my current plan?,1,1.1666666666666667,Month-to-month,0-6 Months,0.67,High"
"225,0,16,When will the maintenance window end?,0,7.5,Month-to-month,6-12 Months,0.06,Low"
"1060,0,46,Can I add more seats to my current plan?,1,35.333333333333336,Biennial,2+ Years,0.8,Very High"
"952,2,6,The UI is too confusing. I can't find the export button.,0,31.733333333333334,Biennial,2+ Years,0.315,Low"
"356,0,47,I love the new analytics feature! Great job.,0,11.866666666666667,Month-to-month,6-12 Months,0.01,Low"
"916,2,24,I need to update my billing address.,0,30.533333333333335,Biennial,2+ Years,0.005,Low"
"567,1,9,I'm very frustrated with the downtime. This is unacceptable.,1,18.9,Annual,1-2 Years,0.93,Very High"
"864,2,49,When will the maintenance window end?,1,28.8,Biennial,2+ Years,0.635,High"
"245,0,59,Is there a tutorial for the new dashboard feature?,0,8.166666666666666,Month-to-month,6-12 Months,0.235,Low"
"748,2,1,Your API documentation is outdated and full of errors.,1,24.933333333333334,Biennial,2+ Years,0.955,Very High"
"520,0,26,When will the maintenance window end?,0,17.333333333333332,Annual,1-2 Years,0.035,Low"
"47,2,17,How do I change my password?,0,1.5666666666666667,Month-to-month,0-6 Months,0.2,Low"
"940,0,96,This tool has saved my team so much time.,0,31.333333333333332,Biennial,2+ Years,0.0,Low"
"516,0,59,Can I add more seats to my current plan?,0,17.2,Annual,1-2 Years,0.06,Low"
"1057,0,44,How do I change my password?,0,35.233333333333334,Biennial,2+ Years,0.03,Low"
"85,2,2,Your API documentation is outdated and full of errors.,0,2.8333333333333335,Month-to-month,0-6 Months,0.33,Low"
"787,2,47,Is there a tutorial for the new dashboard feature?,0,26.233333333333334,Biennial,2+ Years,0.02,Low"
"614,2,39,Can I add more seats to my current plan?,0,20.466666666666665,Annual,1-2 Years,0.07,Low"
"347,0,58,When will the maintenance window end?,0,11.566666666666666,Month-to-month,6-12 Months,0.01,Low"
"1037,2,38,Can I add more seats to my current plan?,0,34.56666666666667,Biennial,2+ Years,0.035,Low"
"185,0,71,This tool has saved my team so much time.,0,6.166666666666667,Month-to-month,6-12 Months,0.0,Low"
"331,1,4,The app crashes every time I try to upload a CSV.,1,11.033333333333333,Month-to-month,6-12 Months,0.98,Very High"
"458,2,3,The app crashes every time I try to upload a CSV.,1,15.266666666666667,Annual,1-2 Years,0.995,Very High"
"978,2,25,How do I change my password?,1,32.6,Biennial,2+ Years,0.7,High"
"1085,2,53,I need to update my billing address.,0,36.166666666666664,Biennial,2+ Years,0.035,Low"
"250,2,41,Is there a tutorial for the new dashboard feature?,0,8.333333333333334,Month-to-month,6-12 Months,0.03,Low"
"616,1,5,Why did my subscription price increase without notice?,1,20.533333333333335,Annual,1-2 Years,0.99,Very High"
"843,0,52,Can I add more seats to my current plan?,1,28.1,Biennial,2+ Years,0.685,High"
"608,2,19,Is there a tutorial for the new dashboard feature?,0,20.266666666666666,Annual,1-2 Years,0.35,Low"
"749,2,25,Just checking if my payment went through.,0,24.966666666666665,Biennial,2+ Years,0.14,Low"
"397,0,85,Customer support was super helpful yesterday. Thanks!,0,13.233333333333333,Annual,1-2 Years,0.0,Low"
"9,0,97,I love the new analytics feature! Great job.,0,0.3,Month-to-month,0-6 Months,0.075,Low"
"685,2,58,I need to update my billing address.,0,22.833333333333332,Annual,1-2 Years,0.255,Low"
"58,1,4,Your API documentation is outdated and full of errors.,1,1.9333333333333333,Month-to-month,0-6 Months,0.94,Very High"
"109,0,118,Customer support was super helpful yesterday. Thanks!,0,3.6333333333333333,Month-to-month,0-6 Months,0.015,Low"
"227,2,16,Can I add more seats to my current plan?,0,7.566666666666666,Month-to-month,6-12 Months,0.065,Low"
"199,2,51,Just checking if my payment went through.,0,6.633333333333334,Month-to-month,6-12 Months,0.015,Low"
"1067,2,48,How do I change my password?,0,35.56666666666667,Biennial,2+ Years,0.02,Low"
"629,1,2,The UI is too confusing. I can't find the export button.,1,20.966666666666665,Annual,1-2 Years,0.9,Very High"
"913,2,10,I've been waiting for support for 3 days. I'm cancelling.,1,30.433333333333334,Biennial,2+ Years,0.6,High"
"884,0,55,""Smooth experience so far, no complaints."",0,29.466666666666665,Biennial,2+ Years,0.015,Low"
"632,2,57,Can I add more seats to my current plan?,1,21.066666666666666,Annual,1-2 Years,0.905,Very High"
"212,2,12,Your API documentation is outdated and full of errors.,1,7.066666666666666,Month-to-month,6-12 Months,0.965,Very High"
"692,0,117,The integration with Slack works perfectly.,0,23.066666666666666,Annual,1-2 Years,0.005,Low"
"117,1,1,Your API documentation is outdated and full of errors.,1,3.9,Month-to-month,0-6 Months,0.885,Very High"
"36,2,6,The UI is too confusing. I can't find the export button.,1,1.2,Month-to-month,0-6 Months,0.77,High"
"381,2,27,Just checking if my payment went through.,0,12.7,Annual,1-2 Years,0.21,Low"
"575,1,1,The app crashes every time I try to upload a CSV.,1,19.166666666666668,Annual,1-2 Years,1.0,Very High"
"346,0,65,I love the new analytics feature! Great job.,0,11.533333333333333,Month-to-month,6-12 Months,0.045,Low"
"839,0,36,I need to update my billing address.,0,27.966666666666665,Biennial,2+ Years,0.03,Low"
"509,0,80,This tool has saved my team so much time.,0,16.966666666666665,Annual,1-2 Years,0.0,Low"
"257,2,58,Is there a tutorial for the new dashboard feature?,0,8.566666666666666,Month-to-month,6-12 Months,0.13,Low"
"439,1,12,I'm very frustrated with the downtime. This is unacceptable.,1,14.633333333333333,Annual,1-2 Years,0.985,Very High"
"927,0,17,How do I change my password?,1,30.9,Biennial,2+ Years,0.6,High"
"770,2,3,Why did my subscription price increase without notice?,1,25.666666666666668,Biennial,2+ Years,0.83,Very High"
"1014,2,13,The UI is too confusing. I can't find the export button.,1,33.8,Biennial,2+ Years,1.0,Very High"
"1063,2,9,Why did my subscription price increase without notice?,1,35.43333333333333,Biennial,2+ Years,0.81,Very High"
"704,2,13,I've been waiting for support for 3 days. I'm cancelling.,1,23.466666666666665,Annual,1-2 Years,0.74,High"
"61,2,12,I've been waiting for support for 3 days. I'm cancelling.,1,2.033333333333333,Month-to-month,0-6 Months,0.915,Very High"
"542,0,75,""Just upgraded to the Pro plan, excited to use it."",0,18.066666666666666,Annual,1-2 Years,0.03,Low"
"1015,2,54,Can I add more seats to my current plan?,0,33.833333333333336,Biennial,2+ Years,0.205,Low"
"35,1,12,I'm very frustrated with the downtime. This is unacceptable.,1,1.1666666666666667,Month-to-month,0-6 Months,0.99,Very High"
"210,0,80,""Just upgraded to the Pro plan, excited to use it."",0,7.0,Month-to-month,6-12 Months,0.01,Low"
"748,0,91,I love the new analytics feature! Great job.,0,24.933333333333334,Biennial,2+ Years,0.0,Low"
"140,2,14,The UI is too confusing. I can't find the export button.,0,4.666666666666667,Month-to-month,0-6 Months,0.15,Low"
"913,2,5,I've been waiting for support for 3 days. I'm cancelling.,0,30.433333333333334,Biennial,2+ Years,0.185,Low"
"113,0,22,When will the maintenance window end?,1,3.7666666666666666,Month-to-month,0-6 Months,0.675,High"
"401,0,43,Is there a tutorial for the new dashboard feature?,0,13.366666666666667,Annual,1-2 Years,0.335,Low"
"692,2,6,I'm very frustrated with the downtime. This is unacceptable.,0,23.066666666666666,Annual,1-2 Years,0.845,Very High"
"27,0,16,Can I add more seats to my current plan?,0,0.9,Month-to-month,0-6 Months,0.445,Medium"
"71,0,29,When will the maintenance window end?,0,2.3666666666666667,Month-to-month,0-6 Months,0.155,Low"
"822,0,18,Just checking if my payment went through.,1,27.4,Biennial,2+ Years,0.015,Low"
"628,2,55,Just checking if my payment went through.,0,20.933333333333334,Annual,1-2 Years,0.26,Low"
"223,0,34,Is there a tutorial for the new dashboard feature?,0,7.433333333333334,Month-to-month,6-12 Months,0.04,Low"
"660,2,9,I've been waiting for support for 3 days. I'm cancelling.,1,22.0,Annual,1-2 Years,0.975,Very High"
"913,2,52,I need to update my billing address.,0,30.433333333333334,Biennial,2+ Years,0.005,Low"
"907,2,7,I've been waiting for support for 3 days. I'm cancelling.,1,30.233333333333334,Biennial,2+ Years,0.87,Very High"
"244,2,38,Is there a tutorial for the new dashboard feature?,0,8.133333333333333,Month-to-month,6-12 Months,0.12,Low"
"407,1,2,I'm very frustrated with the downtime. This is unacceptable.,0,13.566666666666666,Annual,1-2 Years,0.39,Low"
"1054,1,3,Your API documentation is outdated and full of errors.,1,35.13333333333333,Biennial,2+ Years,0.765,High"
"1083,2,14,The UI is too confusing. I can't find the export button.,1,36.1,Biennial,2+ Years,0.92,Very High"
"1036,0,26,When will the maintenance window end?,0,34.53333333333333,Biennial,2+ Years,0.0,Low"
"759,2,57,When will the maintenance window end?,0,25.3,Biennial,2+ Years,0.045,Low"
"202,2,22,How do I change my password?,0,6.733333333333333,Month-to-month,6-12 Months,0.01,Low"
"356,0,90,Customer support was super helpful yesterday. Thanks!,0,11.866666666666667,Month-to-month,6-12 Months,0.0,Low"
"686,0,54,Just checking if my payment went through.,0,22.866666666666667,Annual,1-2 Years,0.145,Low"
"474,0,44,How do I change my password?,0,15.8,Annual,1-2 Years,0.0,Low"
"431,0,39,Is there a tutorial for the new dashboard feature?,0,14.366666666666667,Annual,1-2 Years,0.06,Low"
"177,0,41,How do I change my password?,0,5.9,Month-to-month,0-6 Months,0.08,Low"
"871,2,6,Why did my subscription price increase without notice?,1,29.033333333333335,Biennial,2+ Years,0.745,High"
"963,2,3,I've been waiting for support for 3 days. I'm cancelling.,1,32.1,Biennial,2+ Years,0.75,High"
"39,0,91,The integration with Slack works perfectly.,0,1.3,Month-to-month,0-6 Months,0.205,Low"
"242,2,1,Your API documentation is outdated and full of errors.,1,8.066666666666666,Month-to-month,6-12 Months,0.92,Very High"
"263,0,89,I love the new analytics feature! Great job.,0,8.766666666666667,Month-to-month,6-12 Months,0.01,Low"
"812,2,31,Is there a tutorial for the new dashboard feature?,0,27.066666666666666,Biennial,2+ Years,0.18,Low"
"985,0,68,""Smooth experience so far, no complaints."",0,32.833333333333336,Biennial,2+ Years,0.03,Low"
"280,2,7,The UI is too confusing. I can't find the export button.,1,9.333333333333334,Month-to-month,6-12 Months,0.98,Very High"
"651,0,35,Can I add more seats to my current plan?,0,21.7,Annual,1-2 Years,0.07,Low"
"782,2,18,When will the maintenance window end?,0,26.066666666666666,Biennial,2+ Years,0.075,Low"
"1071,2,24,I need to update my billing address.,0,35.7,Biennial,2+ Years,0.025,Low"
"765,0,16,When will the maintenance window end?,1,25.5,Biennial,2+ Years,0.73,High"
"471,0,34,I need to update my billing address.,1,15.7,Annual,1-2 Years,0.665,High"
"1004,0,19,I need to update my billing address.,0,33.46666666666667,Biennial,2+ Years,0.22,Low"
"440,1,7,Your API documentation is outdated and full of errors.,1,14.666666666666666,Annual,1-2 Years,0.85,Very High"
"78,2,21,Just checking if my payment went through.,0,2.6,Month-to-month,0-6 Months,0.13,Low"
"1073,1,14,The app crashes every time I try to upload a CSV.,0,35.766666666666666,Biennial,2+ Years,0.31,Low"
"321,1,8,I'm very frustrated with the downtime. This is unacceptable.,1,10.7,Month-to-month,6-12 Months,0.995,Very High"
"216,2,55,How do I change my password?,0,7.2,Month-to-month,6-12 Months,0.04,Low"
"597,1,14,I'm very frustrated with the downtime. This is unacceptable.,1,19.9,Annual,1-2 Years,1.0,Very High"
"264,2,18,Can I add more seats to my current plan?,0,8.8,Month-to-month,6-12 Months,0.005,Low"
"19,2,53,Just checking if my payment went through.,1,0.6333333333333333,Month-to-month,0-6 Months,0.725,High"
"413,1,4,I've been waiting for support for 3 days. I'm cancelling.,1,13.766666666666667,Annual,1-2 Years,0.965,Very High"
"988,2,9,The UI is too confusing. I can't find the export button.,1,32.93333333333333,Biennial,2+ Years,0.96,Very High"
"805,1,13,The app crashes every time I try to upload a CSV.,0,26.833333333333332,Biennial,2+ Years,0.765,High"
"301,2,10,I've been waiting for support for 3 days. I'm cancelling.,0,10.033333333333333,Month-to-month,6-12 Months,0.375,Low"
"914,1,1,Your API documentation is outdated and full of errors.,0,30.466666666666665,Biennial,2+ Years,0.225,Low"
"706,2,57,How do I change my password?,0,23.533333333333335,Annual,1-2 Years,0.28,Low"
"615,2,12,Why did my subscription price increase without notice?,1,20.5,Annual,1-2 Years,0.93,Very High"
"47,2,50,When will the maintenance window end?,0,1.5666666666666667,Month-to-month,0-6 Months,0.05,Low"
"130,1,12,Why did my subscription price increase without notice?,1,4.333333333333333,Month-to-month,0-6 Months,0.99,Very High"
"658,2,41,I need to update my billing address.,0,21.933333333333334,Annual,1-2 Years,0.085,Low"
"1063,2,10,Why did my subscription price increase without notice?,0,35.43333333333333,Biennial,2+ Years,0.345,Low"
"445,0,33,Is there a tutorial for the new dashboard feature?,0,14.833333333333334,Annual,1-2 Years,0.06,Low"
"960,2,10,Why did my subscription price increase without notice?,1,32.0,Biennial,2+ Years,0.91,Very High"
"987,2,13,The UI is too confusing. I can't find the export button.,1,32.9,Biennial,2+ Years,1.0,Very High"
"877,0,116,This tool has saved my team so much time.,0,29.233333333333334,Biennial,2+ Years,0.0,Low"
"428,1,5,Why did my subscription price increase without notice?,0,14.266666666666667,Annual,1-2 Years,0.325,Low"
"848,2,47,Just checking if my payment went through.,1,28.266666666666666,Biennial,2+ Years,0.72,High"
"217,0,108,Customer support was super helpful yesterday. Thanks!,0,7.233333333333333,Month-to-month,6-12 Months,0.0,Low"
"657,0,53,I need to update my billing address.,0,21.9,Annual,1-2 Years,0.005,Low"
"1092,2,5,The UI is too confusing. I can't find the export button.,0,36.4,Biennial,2+ Years,0.39,Low"
"237,2,18,Just checking if my payment went through.,0,7.9,Month-to-month,6-12 Months,0.115,Low"
"1034,1,10,The UI is too confusing. I can't find the export button.,1,34.46666666666667,Biennial,2+ Years,0.91,Very High"
"647,0,75,The integration with Slack works perfectly.,0,21.566666666666666,Annual,1-2 Years,0.0,Low"
"883,0,46,I need to update my billing address.,0,29.433333333333334,Biennial,2+ Years,0.02,Low"
"222,0,112,Customer support was super helpful yesterday. Thanks!,0,7.4,Month-to-month,6-12 Months,0.005,Low"
"658,0,74,This tool has saved my team so much time.,0,21.933333333333334,Annual,1-2 Years,0.0,Low"
"67,0,105,""Smooth experience so far, no complaints."",0,2.2333333333333334,Month-to-month,0-6 Months,0.005,Low"
"475,0,42,How do I change my password?,0,15.833333333333334,Annual,1-2 Years,0.0,Low"
"771,0,19,Just checking if my payment went through.,0,25.7,Biennial,2+ Years,0.025,Low"
"631,0,28,Can I add more seats to my current plan?,0,21.033333333333335,Annual,1-2 Years,0.095,Low"
"294,0,30,Just checking if my payment went through.,0,9.8,Month-to-month,6-12 Months,0.1,Low"
"808,0,51,Just checking if my payment went through.,0,26.933333333333334,Biennial,2+ Years,0.11,Low"
"667,0,35,When will the maintenance window end?,0,22.233333333333334,Annual,1-2 Years,0.035,Low"
"930,0,57,I need to update my billing address.,0,31.0,Biennial,2+ Years,0.005,Low"
"676,0,31,Is there a tutorial for the new dashboard feature?,0,22.533333333333335,Annual,1-2 Years,0.09,Low"
"184,0,113,I love the new analytics feature! Great job.,0,6.133333333333334,Month-to-month,6-12 Months,0.01,Low"
"75,2,11,The app crashes every time I try to upload a CSV.,1,2.5,Month-to-month,0-6 Months,0.99,Very High"
"396,2,37,I need to update my billing address.,0,13.2,Annual,1-2 Years,0.19,Low"
"1030,2,19,Just checking if my payment went through.,0,34.333333333333336,Biennial,2+ Years,0.09,Low"
"181,0,63,This tool has saved my team so much time.,0,6.033333333333333,Month-to-month,6-12 Months,0.0,Low"
"663,1,5,The app crashes every time I try to upload a CSV.,1,22.1,Annual,1-2 Years,1.0,Very High"
"1089,2,7,I'm very frustrated with the downtime. This is unacceptable.,1,36.3,Biennial,2+ Years,0.96,Very High"
"843,2,43,Just checking if my payment went through.,0,28.1,Biennial,2+ Years,0.12,Low"
"964,2,47,Is there a tutorial for the new dashboard feature?,0,32.13333333333333,Biennial,2+ Years,0.015,Low"
"973,0,57,I love the new analytics feature! Great job.,0,32.43333333333333,Biennial,2+ Years,0.02,Low"
"740,1,9,The UI is too confusing. I can't find the export button.,1,24.666666666666668,Biennial,2+ Years,0.505,Medium"
"577,2,56,I need to update my billing address.,0,19.233333333333334,Annual,1-2 Years,0.04,Low"
"942,2,49,I need to update my billing address.,0,31.4,Biennial,2+ Years,0.055,Low"
"378,0,40,Just checking if my payment went through.,1,12.6,Annual,1-2 Years,0.09,Low"
"171,0,99,""Smooth experience so far, no complaints."",0,5.7,Month-to-month,0-6 Months,0.0,Low"
"273,0,59,This tool has saved my team so much time.,0,9.1,Month-to-month,6-12 Months,0.0,Low"
"87,0,33,When will the maintenance window end?,0,2.9,Month-to-month,0-6 Months,0.115,Low"
"518,0,113,""Smooth experience so far, no complaints."",0,17.266666666666666,Annual,1-2 Years,0.08,Low"
"974,2,40,When will the maintenance window end?,0,32.46666666666667,Biennial,2+ Years,0.165,Low"
"539,0,45,When will the maintenance window end?,0,17.966666666666665,Annual,1-2 Years,0.01,Low"
"344,1,3,The UI is too confusing. I can't find the export button.,1,11.466666666666667,Month-to-month,6-12 Months,0.955,Very High"
"277,2,11,Your API documentation is outdated and full of errors.,1,9.233333333333333,Month-to-month,6-12 Months,1.0,Very High"
"369,2,1,The app crashes every time I try to upload a CSV.,1,12.3,Annual,1-2 Years,1.0,Very High"
"920,0,54,Is there a tutorial for the new dashboard feature?,0,30.666666666666668,Biennial,2+ Years,0.0,Low"
"133,1,6,I'm very frustrated with the downtime. This is unacceptable.,1,4.433333333333334,Month-to-month,0-6 Months,0.995,Very High"
"758,0,95,This tool has saved my team so much time.,0,25.266666666666666,Biennial,2+ Years,0.0,Low"
"401,0,36,I need to update my billing address.,0,13.366666666666667,Annual,1-2 Years,0.115,Low"
"1041,2,3,I'm very frustrated with the downtime. This is unacceptable.,1,34.7,Biennial,2+ Years,0.5,Medium"
"771,0,24,Can I add more seats to my current plan?,0,25.7,Biennial,2+ Years,0.16,Low"
"744,0,33,Is there a tutorial for the new dashboard feature?,0,24.8,Biennial,2+ Years,0.075,Low"
"897,2,11,I've been waiting for support for 3 days. I'm cancelling.,0,29.9,Biennial,2+ Years,0.31,Low"
"657,2,47,When will the maintenance window end?,0,21.9,Annual,1-2 Years,0.0,Low"
"265,0,80,This tool has saved my team so much time.,0,8.833333333333334,Month-to-month,6-12 Months,0.0,Low"
"715,0,95,This tool has saved my team so much time.,0,23.833333333333332,Annual,1-2 Years,0.0,Low"
"986,0,116,""Smooth experience so far, no complaints."",0,32.86666666666667,Biennial,2+ Years,0.12,Low"
"569,2,8,Your API documentation is outdated and full of errors.,0,18.966666666666665,Annual,1-2 Years,0.99,Very High"
"656,2,12,The UI is too confusing. I can't find the export button.,1,21.866666666666667,Annual,1-2 Years,0.98,Very High"
"793,2,10,The UI is too confusing. I can't find the export button.,1,26.433333333333334,Biennial,2+ Years,1.0,Very High"
"294,2,58,Can I add more seats to my current plan?,0,9.8,Month-to-month,6-12 Months,0.155,Low"
"861,1,10,I've been waiting for support for 3 days. I'm cancelling.,1,28.7,Biennial,2+ Years,0.965,Very High"
"141,2,15,How do I change my password?,0,4.7,Month-to-month,0-6 Months,0.15,Low"
"222,0,30,When will the maintenance window end?,1,7.4,Month-to-month,6-12 Months,0.62,High"
"288,2,9,I've been waiting for support for 3 days. I'm cancelling.,1,9.6,Month-to-month,6-12 Months,0.95,Very High"
"368,2,7,Your API documentation is outdated and full of errors.,0,12.266666666666667,Annual,1-2 Years,0.985,Very High"
"895,0,39,Can I add more seats to my current plan?,0,29.833333333333332,Biennial,2+ Years,0.17,Low"
"54,1,11,Why did my subscription price increase without notice?,1,1.8,Month-to-month,0-6 Months,0.99,Very High"
"1054,0,49,Can I add more seats to my current plan?,1,35.13333333333333,Biennial,2+ Years,0.75,High"
"434,0,92,The integration with Slack works perfectly.,0,14.466666666666667,Annual,1-2 Years,0.0,Low"
"1090,0,55,Can I add more seats to my current plan?,0,36.333333333333336,Biennial,2+ Years,0.25,Low"
"388,2,30,How do I change my password?,0,12.933333333333334,Annual,1-2 Years,0.1,Low"
"62,2,10,The UI is too confusing. I can't find the export button.,1,2.066666666666667,Month-to-month,0-6 Months,0.88,Very High"
"1056,0,45,""Just upgraded to the Pro plan, excited to use it."",0,35.2,Biennial,2+ Years,0.055,Low"
"576,0,21,How do I change my password?,0,19.2,Annual,1-2 Years,0.02,Low"
"718,0,111,""Just upgraded to the Pro plan, excited to use it."",0,23.933333333333334,Annual,1-2 Years,0.0,Low"
"446,2,1,I've been waiting for support for 3 days. I'm cancelling.,1,14.866666666666667,Annual,1-2 Years,0.9,Very High"
"214,0,46,Customer support was super helpful yesterday. Thanks!,0,7.133333333333334,Month-to-month,6-12 Months,0.0,Low"
"661,2,21,When will the maintenance window end?,0,22.033333333333335,Annual,1-2 Years,0.315,Low"
"788,0,57,Customer support was super helpful yesterday. Thanks!,1,26.266666666666666,Biennial,2+ Years,0.6,High"
"1013,1,1,Your API documentation is outdated and full of errors.,0,33.766666666666666,Biennial,2+ Years,0.145,Low"
"265,0,50,Customer support was super helpful yesterday. Thanks!,0,8.833333333333334,Month-to-month,6-12 Months,0.0,Low"
"490,2,24,When will the maintenance window end?,0,16.333333333333332,Annual,1-2 Years,0.075,Low"
"733,0,22,How do I change my password?,0,24.433333333333334,Biennial,2+ Years,0.04,Low"
"761,0,30,When will the maintenance window end?,0,25.366666666666667,Biennial,2+ Years,0.16,Low"
"993,0,71,""Smooth experience so far, no complaints."",0,33.1,Biennial,2+ Years,0.125,Low"
"234,2,54,I need to update my billing address.,0,7.8,Month-to-month,6-12 Months,0.06,Low"
"278,1,10,I'm very frustrated with the downtime. This is unacceptable.,1,9.266666666666667,Month-to-month,6-12 Months,0.86,Very High"
"628,2,23,Is there a tutorial for the new dashboard feature?,0,20.933333333333334,Annual,1-2 Years,0.135,Low"
"572,1,13,I've been waiting for support for 3 days. I'm cancelling.,0,19.066666666666666,Annual,1-2 Years,0.34,Low"
"878,1,13,Your API documentation is outdated and full of errors.,1,29.266666666666666,Biennial,2+ Years,0.955,Very High"
"762,0,113,I love the new analytics feature! Great job.,0,25.4,Biennial,2+ Years,0.01,Low"
"809,2,3,The app crashes every time I try to upload a CSV.,1,26.966666666666665,Biennial,2+ Years,0.965,Very High"
"709,0,53,Customer support was super helpful yesterday. Thanks!,0,23.633333333333333,Annual,1-2 Years,0.0,Low"
"1030,0,34,How do I change my password?,1,34.333333333333336,Biennial,2+ Years,0.695,High"
"61,2,51,When will the maintenance window end?,1,2.033333333333333,Month-to-month,0-6 Months,0.02,Low"
"955,0,67,Customer support was super helpful yesterday. Thanks!,0,31.833333333333332,Biennial,2+ Years,0.01,Low"
"527,0,58,How do I change my password?,1,17.566666666666666,Annual,1-2 Years,0.055,Low"
"313,1,10,Your API documentation is outdated and full of errors.,1,10.433333333333334,Month-to-month,6-12 Months,0.975,Very High"
"261,2,17,How do I change my password?,0,8.7,Month-to-month,6-12 Months,0.105,Low"
"782,2,10,The UI is too confusing. I can't find the export button.,1,26.066666666666666,Biennial,2+ Years,1.0,Very High"
"518,0,41,I need to update my billing address.,0,17.266666666666666,Annual,1-2 Years,0.275,Low"
"285,0,71,Customer support was super helpful yesterday. Thanks!,0,9.5,Month-to-month,6-12 Months,0.005,Low"
"702,2,11,The app crashes every time I try to upload a CSV.,1,23.4,Annual,1-2 Years,0.975,Very High"
"166,0,44,When will the maintenance window end?,0,5.533333333333333,Month-to-month,0-6 Months,0.01,Low"
"427,1,4,The UI is too confusing. I can't find the export button.,1,14.233333333333333,Annual,1-2 Years,0.995,Very High"
"196,0,50,How do I change my password?,0,6.533333333333333,Month-to-month,6-12 Months,0.125,Low"
"1090,0,23,How do I change my password?,0,36.333333333333336,Biennial,2+ Years,0.01,Low"
"348,0,83,Customer support was super helpful yesterday. Thanks!,0,11.6,Month-to-month,6-12 Months,0.0,Low"
"794,1,1,I've been waiting for support for 3 days. I'm cancelling.,1,26.466666666666665,Biennial,2+ Years,0.975,Very High"
"730,0,45,I need to update my billing address.,0,24.333333333333332,Biennial,1-2 Years,0.205,Low"
"82,2,59,I need to update my billing address.,0,2.7333333333333334,Month-to-month,0-6 Months,0.01,Low"
"469,1,9,Why did my subscription price increase without notice?,1,15.633333333333333,Annual,1-2 Years,0.825,Very High"
"150,0,17,When will the maintenance window end?,0,5.0,Month-to-month,0-6 Months,0.205,Low"
"495,0,37,Just checking if my payment went through.,1,16.5,Annual,1-2 Years,0.695,High"
"74,0,55,Can I add more seats to my current plan?,0,2.466666666666667,Month-to-month,0-6 Months,0.01,Low"
"601,2,11,I'm very frustrated with the downtime. This is unacceptable.,1,20.033333333333335,Annual,1-2 Years,0.965,Very High"
"289,1,8,The UI is too confusing. I can't find the export button.,0,9.633333333333333,Month-to-month,6-12 Months,0.315,Low"
"10,2,44,I need to update my billing address.,1,0.3333333333333333,Month-to-month,0-6 Months,0.21,Low"
"898,0,24,Can I add more seats to my current plan?,0,29.933333333333334,Biennial,2+ Years,0.05,Low"
"819,0,25,Is there a tutorial for the new dashboard feature?,0,27.3,Biennial,2+ Years,0.0,Low"
"780,2,5,The UI is too confusing. I can't find the export button.,1,26.0,Biennial,2+ Years,0.975,Very High"
"1017,0,44,Can I add more seats to my current plan?,0,33.9,Biennial,2+ Years,0.235,Low"
"251,0,117,""Just upgraded to the Pro plan, excited to use it."",0,8.366666666666667,Month-to-month,6-12 Months,0.01,Low"
"1062,0,19,Is there a tutorial for the new dashboard feature?,0,35.4,Biennial,2+ Years,0.24,Low"
"375,0,60,The integration with Slack works perfectly.,0,12.5,Annual,1-2 Years,0.005,Low"
"458,2,3,I've been waiting for support for 3 days. I'm cancelling.,0,15.266666666666667,Annual,1-2 Years,0.615,High"
"42,0,15,Can I add more seats to my current plan?,0,1.4,Month-to-month,0-6 Months,0.22,Low"
"1033,2,6,Why did my subscription price increase without notice?,1,34.43333333333333,Biennial,2+ Years,0.885,Very High"
"690,0,77,""Smooth experience so far, no complaints."",0,23.0,Annual,1-2 Years,0.0,Low"
"25,0,62,""Just upgraded to the Pro plan, excited to use it."",0,0.8333333333333334,Month-to-month,0-6 Months,0.0,Low"
"520,1,11,I'm very frustrated with the downtime. This is unacceptable.,1,17.333333333333332,Annual,1-2 Years,1.0,Very High"
"559,0,97,This tool has saved my team so much time.,0,18.633333333333333,Annual,1-2 Years,0.0,Low"
"162,2,9,Your API documentation is outdated and full of errors.,1,5.4,Month-to-month,0-6 Months,0.96,Very High"
"563,0,71,This tool has saved my team so much time.,0,18.766666666666666,Annual,1-2 Years,0.0,Low"
"988,2,37,When will the maintenance window end?,0,32.93333333333333,Biennial,2+ Years,0.185,Low"
"144,0,15,When will the maintenance window end?,1,4.8,Month-to-month,0-6 Months,0.065,Low"
"390,1,3,The app crashes every time I try to upload a CSV.,0,13.0,Annual,1-2 Years,1.0,Very High"
"314,1,10,I've been waiting for support for 3 days. I'm cancelling.,1,10.466666666666667,Month-to-month,6-12 Months,0.975,Very High"
"573,2,47,When will the maintenance window end?,0,19.1,Annual,1-2 Years,0.03,Low"
"381,2,46,How do I change my password?,0,12.7,Annual,1-2 Years,0.15,Low"
"1039,2,13,The UI is too confusing. I can't find the export button.,1,34.63333333333333,Biennial,2+ Years,0.985,Very High"
"582,0,95,Customer support was super helpful yesterday. Thanks!,0,19.4,Annual,1-2 Years,0.01,Low"
"877,0,57,The integration with Slack works perfectly.,0,29.233333333333334,Biennial,2+ Years,0.0,Low"
"4,2,51,Just checking if my payment went through.,0,0.13333333333333333,Month-to-month,0-6 Months,0.19,Low"
"976,2,27,How do I change my password?,0,32.53333333333333,Biennial,2+ Years,0.26,Low"
"967,2,1,I'm very frustrated with the downtime. This is unacceptable.,0,32.233333333333334,Biennial,2+ Years,0.39,Low"
"884,2,36,Can I add more seats to my current plan?,0,29.466666666666665,Biennial,2+ Years,0.01,Low"
"293,0,93,The integration with Slack works perfectly.,0,9.766666666666667,Month-to-month,6-12 Months,0.0,Low"
"905,0,47,When will the maintenance window end?,0,30.166666666666668,Biennial,2+ Years,0.005,Low"
"453,1,1,Why did my subscription price increase without notice?,1,15.1,Annual,1-2 Years,0.845,Very High"
"704,0,53,I need to update my billing address.,1,23.466666666666665,Annual,1-2 Years,0.01,Low"
"14,2,2,Why did my subscription price increase without notice?,1,0.4666666666666667,Month-to-month,0-6 Months,0.97,Very High"
"364,1,2,Your API documentation is outdated and full of errors.,1,12.133333333333333,Annual,6-12 Months,0.965,Very High"
"195,2,30,Is there a tutorial for the new dashboard feature?,1,6.5,Month-to-month,6-12 Months,0.58,Medium"
"1085,0,28,Just checking if my payment went through.,0,36.166666666666664,Biennial,2+ Years,0.055,Low"
"307,1,5,Your API documentation is outdated and full of errors.,1,10.233333333333333,Month-to-month,6-12 Months,0.975,Very High"
"725,1,14,Why did my subscription price increase without notice?,1,24.166666666666668,Biennial,1-2 Years,1.0,Very High"
"633,0,58,When will the maintenance window end?,0,21.1,Annual,1-2 Years,0.005,Low"
"328,1,7,Why did my subscription price increase without notice?,0,10.933333333333334,Month-to-month,6-12 Months,0.77,High"
"1038,1,8,The UI is too confusing. I can't find the export button.,0,34.6,Biennial,2+ Years,0.31,Low"
"441,2,34,I need to update my billing address.,0,14.7,Annual,1-2 Years,0.095,Low"
"476,0,109,""Just upgraded to the Pro plan, excited to use it."",0,15.866666666666667,Annual,1-2 Years,0.01,Low"
"90,0,77,I love the new analytics feature! Great job.,0,3.0,Month-to-month,0-6 Months,0.015,Low"
"1018,2,27,Just checking if my payment went through.,0,33.93333333333333,Biennial,2+ Years,0.215,Low"
"970,0,27,Is there a tutorial for the new dashboard feature?,0,32.333333333333336,Biennial,2+ Years,0.015,Low"
"871,0,117,The integration with Slack works perfectly.,0,29.033333333333335,Biennial,2+ Years,0.0,Low"
"747,2,37,I need to update my billing address.,0,24.9,Biennial,2+ Years,0.155,Low"
"88,0,61,""Smooth experience so far, no complaints."",0,2.933333333333333,Month-to-month,0-6 Months,0.03,Low"
"768,0,83,Customer support was super helpful yesterday. Thanks!,0,25.6,Biennial,2+ Years,0.07,Low"
"982,1,14,I've been waiting for support for 3 days. I'm cancelling.,1,32.733333333333334,Biennial,2+ Years,0.91,Very High"
"592,2,12,I'm very frustrated with the downtime. This is unacceptable.,1,19.733333333333334,Annual,1-2 Years,0.975,Very High"
"794,2,10,I'm very frustrated with the downtime. This is unacceptable.,1,26.466666666666665,Biennial,2+ Years,0.56,Medium"
"668,2,1,I'm very frustrated with the downtime. This is unacceptable.,1,22.266666666666666,Annual,1-2 Years,0.895,Very High"
"726,2,13,The app crashes every time I try to upload a CSV.,1,24.2,Biennial,1-2 Years,0.995,Very High"
"253,1,12,Why did my subscription price increase without notice?,1,8.433333333333334,Month-to-month,6-12 Months,0.66,High"
"1090,0,92,Customer support was super helpful yesterday. Thanks!,0,36.333333333333336,Biennial,2+ Years,0.01,Low"
"917,1,5,Your API documentation is outdated and full of errors.,1,30.566666666666666,Biennial,2+ Years,0.85,Very High"
"913,1,1,Why did my subscription price increase without notice?,1,30.433333333333334,Biennial,2+ Years,0.99,Very High"
"54,0,37,Can I add more seats to my current plan?,0,1.8,Month-to-month,0-6 Months,0.01,Low"
"802,0,66,""Smooth experience so far, no complaints."",0,26.733333333333334,Biennial,2+ Years,0.06,Low"
"661,2,31,Is there a tutorial for the new dashboard feature?,0,22.033333333333335,Annual,1-2 Years,0.135,Low"
"500,2,4,I've been waiting for support for 3 days. I'm cancelling.,0,16.666666666666668,Annual,1-2 Years,0.25,Low"
"219,1,7,Your API documentation is outdated and full of errors.,0,7.3,Month-to-month,6-12 Months,0.355,Low"
"834,0,68,""Just upgraded to the Pro plan, excited to use it."",1,27.8,Biennial,2+ Years,0.605,High"
"180,2,20,When will the maintenance window end?,0,6.0,Month-to-month,0-6 Months,0.02,Low"
"531,0,59,Can I add more seats to my current plan?,0,17.7,Annual,1-2 Years,0.03,Low"
"370,0,71,The integration with Slack works perfectly.,0,12.333333333333334,Annual,1-2 Years,0.0,Low"
"1064,1,14,I'm very frustrated with the downtime. This is unacceptable.,1,35.46666666666667,Biennial,2+ Years,1.0,Very High"
"17,1,2,Your API documentation is outdated and full of errors.,1,0.5666666666666667,Month-to-month,0-6 Months,0.91,Very High"
"897,0,66,""Just upgraded to the Pro plan, excited to use it."",0,29.9,Biennial,2+ Years,0.06,Low"
"1039,0,71,I love the new analytics feature! Great job.,0,34.63333333333333,Biennial,2+ Years,0.13,Low"
"709,2,9,The UI is too confusing. I can't find the export button.,1,23.633333333333333,Annual,1-2 Years,0.99,Very High"
"357,0,19,How do I change my password?,1,11.9,Month-to-month,6-12 Months,0.825,Very High"
"997,2,55,I need to update my billing address.,0,33.233333333333334,Biennial,2+ Years,0.1,Low"
"617,0,53,""Smooth experience so far, no complaints."",0,20.566666666666666,Annual,1-2 Years,0.0,Low"
"55,2,43,How do I change my password?,0,1.8333333333333333,Month-to-month,0-6 Months,0.02,Low"
"415,2,54,How do I change my password?,0,13.833333333333334,Annual,1-2 Years,0.105,Low"
"176,1,3,I'm very frustrated with the downtime. This is unacceptable.,1,5.866666666666666,Month-to-month,0-6 Months,1.0,Very High"
"979,2,55,I need to update my billing address.,0,32.63333333333333,Biennial,2+ Years,0.1,Low"
"870,0,43,I need to update my billing address.,0,29.0,Biennial,2+ Years,0.0,Low"
"968,2,22,I need to update my billing address.,0,32.266666666666666,Biennial,2+ Years,0.03,Low"
"336,2,2,The app crashes every time I try to upload a CSV.,1,11.2,Month-to-month,6-12 Months,1.0,Very High"
"986,2,1,The UI is too confusing. I can't find the export button.,1,32.86666666666667,Biennial,2+ Years,0.965,Very High"
"565,0,36,Is there a tutorial for the new dashboard feature?,0,18.833333333333332,Annual,1-2 Years,0.005,Low"
"933,2,59,When will the maintenance window end?,0,31.1,Biennial,2+ Years,0.045,Low"
"226,0,58,""Just upgraded to the Pro plan, excited to use it."",0,7.533333333333333,Month-to-month,6-12 Months,0.0,Low"
"148,2,10,Why did my subscription price increase without notice?,1,4.933333333333334,Month-to-month,0-6 Months,0.995,Very High"
"748,1,10,I'm very frustrated with the downtime. This is unacceptable.,1,24.933333333333334,Biennial,2+ Years,0.99,Very High"
"836,2,58,Is there a tutorial for the new dashboard feature?,0,27.866666666666667,Biennial,2+ Years,0.295,Low"
"533,0,31,Can I add more seats to my current plan?,0,17.766666666666666,Annual,1-2 Years,0.02,Low"
"1072,0,73,The integration with Slack works perfectly.,0,35.733333333333334,Biennial,2+ Years,0.0,Low"
"165,1,6,The app crashes every time I try to upload a CSV.,0,5.5,Month-to-month,0-6 Months,0.335,Low"
"859,0,40,Can I add more seats to my current plan?,0,28.633333333333333,Biennial,2+ Years,0.18,Low"
"533,2,12,I'm very frustrated with the downtime. This is unacceptable.,1,17.766666666666666,Annual,1-2 Years,0.965,Very High"
"186,2,30,Is there a tutorial for the new dashboard feature?,1,6.2,Month-to-month,6-12 Months,0.74,High"
"287,2,13,The app crashes every time I try to upload a CSV.,0,9.566666666666666,Month-to-month,6-12 Months,0.995,Very High"
"676,0,48,When will the maintenance window end?,0,22.533333333333335,Annual,1-2 Years,0.015,Low"
"730,0,95,The integration with Slack works perfectly.,0,24.333333333333332,Biennial,1-2 Years,0.01,Low"
"630,1,8,The app crashes every time I try to upload a CSV.,1,21.0,Annual,1-2 Years,0.99,Very High"
"801,2,47,When will the maintenance window end?,0,26.7,Biennial,2+ Years,0.01,Low"
"242,2,5,The UI is too confusing. I can't find the export button.,1,8.066666666666666,Month-to-month,6-12 Months,0.995,Very High"
"826,0,45,Is there a tutorial for the new dashboard feature?,0,27.533333333333335,Biennial,2+ Years,0.02,Low"
"99,1,7,The app crashes every time I try to upload a CSV.,1,3.3,Month-to-month,0-6 Months,0.915,Very High"
"883,0,44,Is there a tutorial for the new dashboard feature?,0,29.433333333333334,Biennial,2+ Years,0.005,Low"
"29,2,2,Why did my subscription price increase without notice?,1,0.9666666666666667,Month-to-month,0-6 Months,0.975,Very High"
"606,2,1,The UI is too confusing. I can't find the export button.,1,20.2,Annual,1-2 Years,0.985,Very High"
"79,2,55,How do I change my password?,0,2.6333333333333333,Month-to-month,0-6 Months,0.04,Low"
"64,2,26,Just checking if my payment went through.,1,2.1333333333333333,Month-to-month,0-6 Months,0.62,High"
"340,1,5,The UI is too confusing. I can't find the export button.,1,11.333333333333334,Month-to-month,6-12 Months,0.945,Very High"
"451,2,36,When will the maintenance window end?,0,15.033333333333333,Annual,1-2 Years,0.14,Low"
"663,2,54,Just checking if my payment went through.,0,22.1,Annual,1-2 Years,0.07,Low"
"804,2,8,I'm very frustrated with the downtime. This is unacceptable.,1,26.8,Biennial,2+ Years,0.83,Very High"
"878,0,107,Customer support was super helpful yesterday. Thanks!,0,29.266666666666666,Biennial,2+ Years,0.065,Low"
"223,0,51,Is there a tutorial for the new dashboard feature?,1,7.433333333333334,Month-to-month,6-12 Months,0.625,High"
"316,0,31,How do I change my password?,0,10.533333333333333,Month-to-month,6-12 Months,0.12,Low"
"397,0,73,""Just upgraded to the Pro plan, excited to use it."",0,13.233333333333333,Annual,1-2 Years,0.1,Low"
"417,2,37,Can I add more seats to my current plan?,0,13.9,Annual,1-2 Years,0.005,Low"
"349,0,23,Is there a tutorial for the new dashboard feature?,0,11.633333333333333,Month-to-month,6-12 Months,0.095,Low"
"976,2,28,Can I add more seats to my current plan?,0,32.53333333333333,Biennial,2+ Years,0.115,Low"
"736,0,52,Can I add more seats to my current plan?,0,24.533333333333335,Biennial,2+ Years,0.095,Low"
"853,2,21,I need to update my billing address.,0,28.433333333333334,Biennial,2+ Years,0.015,Low"
"993,0,104,The integration with Slack works perfectly.,0,33.1,Biennial,2+ Years,0.065,Low"
"1083,0,48,The integration with Slack works perfectly.,0,36.1,Biennial,2+ Years,0.025,Low"
"734,0,27,I need to update my billing address.,0,24.466666666666665,Biennial,2+ Years,0.045,Low"
"168,2,18,Is there a tutorial for the new dashboard feature?,0,5.6,Month-to-month,0-6 Months,0.105,Low"
"19,1,9,Your API documentation is outdated and full of errors.,1,0.6333333333333333,Month-to-month,0-6 Months,0.975,Very High"
"401,0,48,I need to update my billing address.,0,13.366666666666667,Annual,1-2 Years,0.03,Low"
"997,0,69,I love the new analytics feature! Great job.,0,33.233333333333334,Biennial,2+ Years,0.105,Low"
"144,0,103,The integration with Slack works perfectly.,0,4.8,Month-to-month,0-6 Months,0.275,Low"
"68,2,17,How do I change my password?,1,2.2666666666666666,Month-to-month,0-6 Months,0.645,High"
"487,0,108,""Just upgraded to the Pro plan, excited to use it."",0,16.233333333333334,Annual,1-2 Years,0.01,Low"
"306,2,7,Your API documentation is outdated and full of errors.,1,10.2,Month-to-month,6-12 Months,1.0,Very High"
"306,2,14,The UI is too confusing. I can't find the export button.,1,10.2,Month-to-month,6-12 Months,0.685,High"
"960,2,1,Why did my subscription price increase without notice?,1,32.0,Biennial,2+ Years,0.88,Very High"
"798,2,53,Is there a tutorial for the new dashboard feature?,0,26.6,Biennial,2+ Years,0.135,Low"
"731,2,21,How do I change my password?,0,24.366666666666667,Biennial,2+ Years,0.245,Low"
"39,1,13,The UI is too confusing. I can't find the export button.,0,1.3,Month-to-month,0-6 Months,0.82,Very High"
"13,0,72,""Smooth experience so far, no complaints."",0,0.43333333333333335,Month-to-month,0-6 Months,0.055,Low"
"887,0,81,Customer support was super helpful yesterday. Thanks!,1,29.566666666666666,Biennial,2+ Years,0.725,High"
"785,2,35,Can I add more seats to my current plan?,0,26.166666666666668,Biennial,2+ Years,0.015,Low"
"715,0,52,I need to update my billing address.,0,23.833333333333332,Annual,1-2 Years,0.005,Low"
"229,0,56,I love the new analytics feature! Great job.,0,7.633333333333334,Month-to-month,6-12 Months,0.0,Low"
"874,0,35,Just checking if my payment went through.,0,29.133333333333333,Biennial,2+ Years,0.245,Low"
"489,0,72,Customer support was super helpful yesterday. Thanks!,0,16.3,Annual,1-2 Years,0.0,Low"
"691,2,28,How do I change my password?,1,23.033333333333335,Annual,1-2 Years,0.695,High"
"589,0,77,""Smooth experience so far, no complaints."",0,19.633333333333333,Annual,1-2 Years,0.0,Low"
"1026,0,64,The integration with Slack works perfectly.,0,34.2,Biennial,2+ Years,0.0,Low"
"856,0,17,Can I add more seats to my current plan?,0,28.533333333333335,Biennial,2+ Years,0.14,Low"
"785,2,46,Just checking if my payment went through.,1,26.166666666666668,Biennial,2+ Years,0.31,Low"
"871,0,57,Customer support was super helpful yesterday. Thanks!,0,29.033333333333335,Biennial,2+ Years,0.155,Low"
"792,2,13,The UI is too confusing. I can't find the export button.,1,26.4,Biennial,2+ Years,1.0,Very High"
"515,1,2,The app crashes every time I try to upload a CSV.,1,17.166666666666668,Annual,1-2 Years,0.995,Very High"
"341,0,45,Is there a tutorial for the new dashboard feature?,1,11.366666666666667,Month-to-month,6-12 Months,0.745,High"
"188,0,83,Customer support was super helpful yesterday. Thanks!,0,6.266666666666667,Month-to-month,6-12 Months,0.0,Low"
"92,0,15,Can I add more seats to my current plan?,1,3.066666666666667,Month-to-month,0-6 Months,0.665,High"
"859,2,51,Can I add more seats to my current plan?,0,28.633333333333333,Biennial,2+ Years,0.0,Low"
"506,2,15,Is there a tutorial for the new dashboard feature?,0,16.866666666666667,Annual,1-2 Years,0.07,Low"
"950,2,55,How do I change my password?,0,31.666666666666668,Biennial,2+ Years,0.05,Low"
"423,2,59,When will the maintenance window end?,0,14.1,Annual,1-2 Years,0.165,Low"
"284,0,102,""Just upgraded to the Pro plan, excited to use it."",0,9.466666666666667,Month-to-month,6-12 Months,0.02,Low"
"587,0,73,This tool has saved my team so much time.,0,19.566666666666666,Annual,1-2 Years,0.0,Low"
"753,0,52,Just checking if my payment went through.,1,25.1,Biennial,2+ Years,0.885,Very High"
"498,0,18,How do I change my password?,1,16.6,Annual,1-2 Years,0.69,High"
"794,2,31,Just checking if my payment went through.,0,26.466666666666665,Biennial,2+ Years,0.0,Low"
"524,2,40,Can I add more seats to my current plan?,0,17.466666666666665,Annual,1-2 Years,0.02,Low"
"853,0,52,When will the maintenance window end?,0,28.433333333333334,Biennial,2+ Years,0.175,Low"
"1070,2,28,I need to update my billing address.,0,35.666666666666664,Biennial,2+ Years,0.025,Low"
"872,2,32,When will the maintenance window end?,1,29.066666666666666,Biennial,2+ Years,0.665,High"
"889,1,5,I've been waiting for support for 3 days. I'm cancelling.,1,29.633333333333333,Biennial,2+ Years,0.97,Very High"
"475,1,9,Your API documentation is outdated and full of errors.,1,15.833333333333334,Annual,1-2 Years,0.985,Very High"
"390,1,13,I'm very frustrated with the downtime. This is unacceptable.,1,13.0,Annual,1-2 Years,0.92,Very High"
"787,0,17,How do I change my password?,0,26.233333333333334,Biennial,2+ Years,0.165,Low"
"708,0,97,Customer support was super helpful yesterday. Thanks!,0,23.6,Annual,1-2 Years,0.0,Low"
"1076,0,49,The integration with Slack works perfectly.,0,35.86666666666667,Biennial,2+ Years,0.03,Low"
"805,0,49,How do I change my password?,0,26.833333333333332,Biennial,2+ Years,0.035,Low"
"984,0,44,Can I add more seats to my current plan?,0,32.8,Biennial,2+ Years,0.23,Low"
"814,2,7,Your API documentation is outdated and full of errors.,1,27.133333333333333,Biennial,2+ Years,0.72,High"
"511,2,32,Can I add more seats to my current plan?,0,17.033333333333335,Annual,1-2 Years,0.09,Low"
"442,2,6,The UI is too confusing. I can't find the export button.,0,14.733333333333333,Annual,1-2 Years,0.36,Low"
"999,1,8,Why did my subscription price increase without notice?,1,33.3,Biennial,2+ Years,0.875,Very High"
"822,0,34,Just checking if my payment went through.,0,27.4,Biennial,2+ Years,0.045,Low"
"851,0,98,I love the new analytics feature! Great job.,0,28.366666666666667,Biennial,2+ Years,0.005,Low"
"1063,1,10,The app crashes every time I try to upload a CSV.,1,35.43333333333333,Biennial,2+ Years,0.755,High"
"840,1,4,The app crashes every time I try to upload a CSV.,0,28.0,Biennial,2+ Years,0.385,Low"
"543,2,5,Why did my subscription price increase without notice?,1,18.1,Annual,1-2 Years,0.99,Very High"
"515,0,65,Customer support was super helpful yesterday. Thanks!,0,17.166666666666668,Annual,1-2 Years,0.0,Low"
"424,0,33,Just checking if my payment went through.,0,14.133333333333333,Annual,1-2 Years,0.03,Low"
"408,0,115,Customer support was super helpful yesterday. Thanks!,0,13.6,Annual,1-2 Years,0.13,Low"
"783,2,45,Can I add more seats to my current plan?,0,26.1,Biennial,2+ Years,0.025,Low"
"1084,2,30,Just checking if my payment went through.,0,36.13333333333333,Biennial,2+ Years,0.0,Low"
"82,0,43,I need to update my billing address.,0,2.7333333333333334,Month-to-month,0-6 Months,0.21,Low"
"180,2,13,The app crashes every time I try to upload a CSV.,1,6.0,Month-to-month,0-6 Months,0.995,Very High"
"276,0,48,Can I add more seats to my current plan?,0,9.2,Month-to-month,6-12 Months,0.04,Low"
"902,2,21,Is there a tutorial for the new dashboard feature?,1,30.066666666666666,Biennial,2+ Years,0.755,High"
"596,2,52,I need to update my billing address.,0,19.866666666666667,Annual,1-2 Years,0.0,Low"
"510,0,62,I love the new analytics feature! Great job.,0,17.0,Annual,1-2 Years,0.1,Low"
"1001,0,52,When will the maintenance window end?,0,33.36666666666667,Biennial,2+ Years,0.08,Low"
"21,0,73,""Just upgraded to the Pro plan, excited to use it."",0,0.7,Month-to-month,0-6 Months,0.01,Low"
"140,0,94,The integration with Slack works perfectly.,1,4.666666666666667,Month-to-month,0-6 Months,0.68,High"
"963,0,33,Is there a tutorial for the new dashboard feature?,0,32.1,Biennial,2+ Years,0.01,Low"
"850,2,8,The app crashes every time I try to upload a CSV.,1,28.333333333333332,Biennial,2+ Years,0.34,Low"
"354,1,8,Why did my subscription price increase without notice?,1,11.8,Month-to-month,6-12 Months,0.83,Very High"
"271,0,48,I need to update my billing address.,0,9.033333333333333,Month-to-month,6-12 Months,0.055,Low"
"989,0,86,""Just upgraded to the Pro plan, excited to use it."",0,32.96666666666667,Biennial,2+ Years,0.035,Low"
"892,1,14,I've been waiting for support for 3 days. I'm cancelling.,1,29.733333333333334,Biennial,2+ Years,0.91,Very High"
"583,1,14,Your API documentation is outdated and full of errors.,1,19.433333333333334,Annual,1-2 Years,0.975,Very High"
"919,0,45,Just checking if my payment went through.,0,30.633333333333333,Biennial,2+ Years,0.27,Low"
"549,1,2,Your API documentation is outdated and full of errors.,1,18.3,Annual,1-2 Years,0.98,Very High"
"462,0,76,I love the new analytics feature! Great job.,0,15.4,Annual,1-2 Years,0.0,Low"
"67,2,36,I need to update my billing address.,0,2.2333333333333334,Month-to-month,0-6 Months,0.005,Low"
"602,0,113,Customer support was super helpful yesterday. Thanks!,1,20.066666666666666,Annual,1-2 Years,0.67,High"
"150,1,1,I've been waiting for support for 3 days. I'm cancelling.,1,5.0,Month-to-month,0-6 Months,1.0,Very High"
"80,1,9,The UI is too confusing. I can't find the export button.,1,2.6666666666666665,Month-to-month,0-6 Months,0.835,Very High"
"929,2,49,Can I add more seats to my current plan?,0,30.966666666666665,Biennial,2+ Years,0.035,Low"
"438,2,55,Just checking if my payment went through.,1,14.6,Annual,1-2 Years,0.775,High"
"566,0,49,Is there a tutorial for the new dashboard feature?,0,18.866666666666667,Annual,1-2 Years,0.03,Low"
"621,0,96,""Just upgraded to the Pro plan, excited to use it."",0,20.7,Annual,1-2 Years,0.0,Low"
"338,0,59,How do I change my password?,0,11.266666666666667,Month-to-month,6-12 Months,0.055,Low"
"554,0,80,""Just upgraded to the Pro plan, excited to use it."",0,18.466666666666665,Annual,1-2 Years,0.005,Low"
"658,2,43,Is there a tutorial for the new dashboard feature?,0,21.933333333333334,Annual,1-2 Years,0.1,Low"
"632,1,3,Why did my subscription price increase without notice?,1,21.066666666666666,Annual,1-2 Years,0.995,Very High"
"676,1,6,The app crashes every time I try to upload a CSV.,1,22.533333333333335,Annual,1-2 Years,0.995,Very High"
"234,0,96,""Smooth experience so far, no complaints."",0,7.8,Month-to-month,6-12 Months,0.04,Low"
"1075,2,10,The UI is too confusing. I can't find the export button.,1,35.833333333333336,Biennial,2+ Years,0.98,Very High"
"87,2,32,Can I add more seats to my current plan?,0,2.9,Month-to-month,0-6 Months,0.025,Low"
"250,2,12,Why did my subscription price increase without notice?,1,8.333333333333334,Month-to-month,6-12 Months,0.815,Very High"
"74,0,54,How do I change my password?,0,2.466666666666667,Month-to-month,0-6 Months,0.345,Low"
"149,0,106,""Just upgraded to the Pro plan, excited to use it."",0,4.966666666666667,Month-to-month,0-6 Months,0.07,Low"
"325,1,5,Why did my subscription price increase without notice?,1,10.833333333333334,Month-to-month,6-12 Months,0.83,Very High"
"538,2,4,Why did my subscription price increase without notice?,1,17.933333333333334,Annual,1-2 Years,0.93,Very High"
"1073,0,98,""Smooth experience so far, no complaints."",0,35.766666666666666,Biennial,2+ Years,0.07,Low"
"612,2,3,I'm very frustrated with the downtime. This is unacceptable.,0,20.4,Annual,1-2 Years,0.28,Low"
"662,0,73,""Smooth experience so far, no complaints."",0,22.066666666666666,Annual,1-2 Years,0.0,Low"
"315,1,1,The UI is too confusing. I can't find the export button.,1,10.5,Month-to-month,6-12 Months,0.975,Very High"
"186,1,5,Why did my subscription price increase without notice?,1,6.2,Month-to-month,6-12 Months,0.845,Very High"
"358,0,116,This tool has saved my team so much time.,0,11.933333333333334,Month-to-month,6-12 Months,0.0,Low"
"1063,0,70,This tool has saved my team so much time.,0,35.43333333333333,Biennial,2+ Years,0.0,Low"
"1040,2,19,I need to update my billing address.,1,34.666666666666664,Biennial,2+ Years,0.635,High"
"1071,0,58,""Just upgraded to the Pro plan, excited to use it."",0,35.7,Biennial,2+ Years,0.015,Low"
"830,0,17,How do I change my password?,0,27.666666666666668,Biennial,2+ Years,0.16,Low"
"581,0,93,""Just upgraded to the Pro plan, excited to use it."",0,19.366666666666667,Annual,1-2 Years,0.0,Low"
"559,1,2,The UI is too confusing. I can't find the export button.,1,18.633333333333333,Annual,1-2 Years,0.91,Very High"
"543,2,28,Just checking if my payment went through.,1,18.1,Annual,1-2 Years,0.66,High"
"1092,0,18,How do I change my password?,0,36.4,Biennial,2+ Years,0.115,Low"
"208,0,40,Just checking if my payment went through.,0,6.933333333333334,Month-to-month,6-12 Months,0.075,Low"
"426,2,7,The UI is too confusing. I can't find the export button.,1,14.2,Annual,1-2 Years,0.925,Very High"
"82,0,22,Is there a tutorial for the new dashboard feature?,0,2.7333333333333334,Month-to-month,0-6 Months,0.0,Low"
"92,0,64,""Smooth experience so far, no complaints."",0,3.066666666666667,Month-to-month,0-6 Months,0.2,Low"
"428,2,2,I'm very frustrated with the downtime. This is unacceptable.,1,14.266666666666667,Annual,1-2 Years,0.81,Very High"
"615,2,16,I need to update my billing address.,0,20.5,Annual,1-2 Years,0.015,Low"
"1000,0,46,Can I add more seats to my current plan?,1,33.333333333333336,Biennial,2+ Years,0.79,High"
"99,0,111,Customer support was super helpful yesterday. Thanks!,0,3.3,Month-to-month,0-6 Months,0.005,Low"
"750,0,39,Just checking if my payment went through.,0,25.0,Biennial,2+ Years,0.225,Low"
"360,1,10,Why did my subscription price increase without notice?,1,12.0,Annual,6-12 Months,0.92,Very High"
"1010,0,52,Is there a tutorial for the new dashboard feature?,0,33.666666666666664,Biennial,2+ Years,0.02,Low"
"485,0,47,Just checking if my payment went through.,0,16.166666666666668,Annual,1-2 Years,0.165,Low"
"455,0,110,I love the new analytics feature! Great job.,0,15.166666666666666,Annual,1-2 Years,0.065,Low"
"171,0,50,""Just upgraded to the Pro plan, excited to use it."",0,5.7,Month-to-month,0-6 Months,0.03,Low"
"56,0,53,How do I change my password?,1,1.8666666666666667,Month-to-month,0-6 Months,0.63,High"
"459,0,40,How do I change my password?,0,15.3,Annual,1-2 Years,0.01,Low"
"175,0,81,Customer support was super helpful yesterday. Thanks!,0,5.833333333333333,Month-to-month,0-6 Months,0.035,Low"
"54,2,39,Can I add more seats to my current plan?,0,1.8,Month-to-month,0-6 Months,0.005,Low"
"437,0,69,Customer support was super helpful yesterday. Thanks!,0,14.566666666666666,Annual,1-2 Years,0.0,Low"
"226,0,111,""Smooth experience so far, no complaints."",0,7.533333333333333,Month-to-month,6-12 Months,0.05,Low"
"327,0,49,Can I add more seats to my current plan?,0,10.9,Month-to-month,6-12 Months,0.015,Low"
"1088,0,63,""Just upgraded to the Pro plan, excited to use it."",0,36.266666666666666,Biennial,2+ Years,0.01,Low"
"169,1,9,The app crashes every time I try to upload a CSV.,1,5.633333333333334,Month-to-month,0-6 Months,0.86,Very High"
"209,2,19,When will the maintenance window end?,0,6.966666666666667,Month-to-month,6-12 Months,0.065,Low"
"1005,0,19,Is there a tutorial for the new dashboard feature?,0,33.5,Biennial,2+ Years,0.29,Low"
"522,2,23,Can I add more seats to my current plan?,0,17.4,Annual,1-2 Years,0.1,Low"
"56,0,49,I need to update my billing address.,0,1.8666666666666667,Month-to-month,0-6 Months,0.045,Low"
"502,2,58,Just checking if my payment went through.,0,16.733333333333334,Annual,1-2 Years,0.21,Low"
"315,0,77,""Just upgraded to the Pro plan, excited to use it."",1,10.5,Month-to-month,6-12 Months,0.58,Medium"
"201,2,16,I need to update my billing address.,0,6.7,Month-to-month,6-12 Months,0.02,Low"
"962,2,41,Can I add more seats to my current plan?,0,32.06666666666667,Biennial,2+ Years,0.01,Low"
"855,2,25,When will the maintenance window end?,0,28.5,Biennial,2+ Years,0.055,Low"
"726,0,53,""Just upgraded to the Pro plan, excited to use it."",0,24.2,Biennial,1-2 Years,0.015,Low"
"42,2,28,How do I change my password?,0,1.4,Month-to-month,0-6 Months,0.045,Low"
"956,2,9,I'm very frustrated with the downtime. This is unacceptable.,1,31.866666666666667,Biennial,2+ Years,0.86,Very High"
"920,1,4,Your API documentation is outdated and full of errors.,0,30.666666666666668,Biennial,2+ Years,0.35,Low"
"156,0,32,Is there a tutorial for the new dashboard feature?,0,5.2,Month-to-month,0-6 Months,0.14,Low"
"612,2,16,Is there a tutorial for the new dashboard feature?,0,20.4,Annual,1-2 Years,0.085,Low"
"865,2,19,When will the maintenance window end?,0,28.833333333333332,Biennial,2+ Years,0.105,Low"
"684,2,3,Why did my subscription price increase without notice?,1,22.8,Annual,1-2 Years,0.935,Very High"
"564,0,54,Can I add more seats to my current plan?,0,18.8,Annual,1-2 Years,0.005,Low"
"22,0,118,Customer support was super helpful yesterday. Thanks!,0,0.7333333333333333,Month-to-month,0-6 Months,0.015,Low"
"454,0,70,""Just upgraded to the Pro plan, excited to use it."",0,15.133333333333333,Annual,1-2 Years,0.25,Low"
"155,1,11,I'm very frustrated with the downtime. This is unacceptable.,1,5.166666666666667,Month-to-month,0-6 Months,1.0,Very High"
"693,2,54,Is there a tutorial for the new dashboard feature?,0,23.1,Annual,1-2 Years,0.095,Low"
"515,0,87,Customer support was super helpful yesterday. Thanks!,0,17.166666666666668,Annual,1-2 Years,0.0,Low"
"502,2,9,The app crashes every time I try to upload a CSV.,1,16.733333333333334,Annual,1-2 Years,0.95,Very High"
"505,0,27,Can I add more seats to my current plan?,0,16.833333333333332,Annual,1-2 Years,0.235,Low"
"118,2,5,Why did my subscription price increase without notice?,1,3.933333333333333,Month-to-month,0-6 Months,0.94,Very High"
"190,1,4,Your API documentation is outdated and full of errors.,1,6.333333333333333,Month-to-month,6-12 Months,0.95,Very High"
"615,0,116,""Smooth experience so far, no complaints."",0,20.5,Annual,1-2 Years,0.025,Low"
"506,2,17,How do I change my password?,0,16.866666666666667,Annual,1-2 Years,0.045,Low"
"179,0,103,""Smooth experience so far, no complaints."",0,5.966666666666667,Month-to-month,0-6 Months,0.005,Low"
"91,0,67,The integration with Slack works perfectly.,0,3.033333333333333,Month-to-month,0-6 Months,0.16,Low"
"253,1,1,I've been waiting for support for 3 days. I'm cancelling.,1,8.433333333333334,Month-to-month,6-12 Months,1.0,Very High"
"1036,0,93,I love the new analytics feature! Great job.,0,34.53333333333333,Biennial,2+ Years,0.025,Low"
"196,0,100,This tool has saved my team so much time.,0,6.533333333333333,Month-to-month,6-12 Months,0.0,Low"
"854,2,36,Just checking if my payment went through.,0,28.466666666666665,Biennial,2+ Years,0.07,Low"
"832,2,11,I've been waiting for support for 3 days. I'm cancelling.,1,27.733333333333334,Biennial,2+ Years,0.37,Low"
"153,2,1,Why did my subscription price increase without notice?,1,5.1,Month-to-month,0-6 Months,0.96,Very High"
"269,2,51,When will the maintenance window end?,0,8.966666666666667,Month-to-month,6-12 Months,0.055,Low"
"173,0,54,This tool has saved my team so much time.,0,5.766666666666667,Month-to-month,0-6 Months,0.0,Low"
"876,0,42,Just checking if my payment went through.,1,29.2,Biennial,2+ Years,0.815,Very High"
"582,0,43,How do I change my password?,0,19.4,Annual,1-2 Years,0.005,Low"
"27,0,108,This tool has saved my team so much time.,0,0.9,Month-to-month,0-6 Months,0.0,Low"
"854,0,32,When will the maintenance window end?,0,28.466666666666665,Biennial,2+ Years,0.19,Low"
"676,2,4,I'm very frustrated with the downtime. This is unacceptable.,1,22.533333333333335,Annual,1-2 Years,0.815,Very High"
"485,1,4,Why did my subscription price increase without notice?,1,16.166666666666668,Annual,1-2 Years,0.865,Very High"
"752,0,25,When will the maintenance window end?,0,25.066666666666666,Biennial,2+ Years,0.09,Low"
"628,2,4,The app crashes every time I try to upload a CSV.,1,20.933333333333334,Annual,1-2 Years,0.96,Very High"
"901,0,59,I love the new analytics feature! Great job.,0,30.033333333333335,Biennial,2+ Years,0.04,Low"
"700,0,21,Is there a tutorial for the new dashboard feature?,1,23.333333333333332,Annual,1-2 Years,0.09,Low"
"596,0,38,Just checking if my payment went through.,0,19.866666666666667,Annual,1-2 Years,0.125,Low"
"450,2,14,I've been waiting for support for 3 days. I'm cancelling.,1,15.0,Annual,1-2 Years,0.65,High"
"123,1,2,Why did my subscription price increase without notice?,1,4.1,Month-to-month,0-6 Months,0.915,Very High"
"826,0,43,I need to update my billing address.,0,27.533333333333335,Biennial,2+ Years,0.0,Low"
"703,0,35,Just checking if my payment went through.,0,23.433333333333334,Annual,1-2 Years,0.05,Low"
"518,2,6,Why did my subscription price increase without notice?,1,17.266666666666666,Annual,1-2 Years,0.99,Very High"
"318,2,7,The app crashes every time I try to upload a CSV.,1,10.6,Month-to-month,6-12 Months,0.99,Very High"
"605,2,9,The app crashes every time I try to upload a CSV.,1,20.166666666666668,Annual,1-2 Years,0.965,Very High"
"541,0,92,""Just upgraded to the Pro plan, excited to use it."",0,18.033333333333335,Annual,1-2 Years,0.0,Low"
"925,2,3,The UI is too confusing. I can't find the export button.,1,30.833333333333332,Biennial,2+ Years,1.0,Very High"
"67,0,77,The integration with Slack works perfectly.,0,2.2333333333333334,Month-to-month,0-6 Months,0.135,Low"
"721,0,94,""Smooth experience so far, no complaints."",1,24.033333333333335,Biennial,1-2 Years,0.0,Low"
"906,2,8,I'm very frustrated with the downtime. This is unacceptable.,1,30.2,Biennial,2+ Years,0.845,Very High"
"1092,2,18,When will the maintenance window end?,0,36.4,Biennial,2+ Years,0.125,Low"
"420,0,48,I need to update my billing address.,1,14.0,Annual,1-2 Years,0.15,Low"
"691,1,8,Why did my subscription price increase without notice?,1,23.033333333333335,Annual,1-2 Years,0.985,Very High"
"716,2,41,How do I change my password?,0,23.866666666666667,Annual,1-2 Years,0.03,Low"
"792,0,26,When will the maintenance window end?,0,26.4,Biennial,2+ Years,0.095,Low"
"588,0,43,Just checking if my payment went through.,0,19.6,Annual,1-2 Years,0.23,Low"
"843,2,19,Is there a tutorial for the new dashboard feature?,1,28.1,Biennial,2+ Years,0.79,High"
"531,2,55,Can I add more seats to my current plan?,0,17.7,Annual,1-2 Years,0.11,Low"
"503,0,59,Is there a tutorial for the new dashboard feature?,1,16.766666666666666,Annual,1-2 Years,0.65,High"
"324,2,29,How do I change my password?,0,10.8,Month-to-month,6-12 Months,0.345,Low"
"749,0,47,When will the maintenance window end?,0,24.966666666666665,Biennial,2+ Years,0.05,Low"
"640,2,11,I've been waiting for support for 3 days. I'm cancelling.,1,21.333333333333332,Annual,1-2 Years,0.575,Medium"
"732,0,89,The integration with Slack works perfectly.,0,24.4,Biennial,2+ Years,0.025,Low"
"61,2,27,I need to update my billing address.,0,2.033333333333333,Month-to-month,0-6 Months,0.03,Low"
"489,0,60,Customer support was super helpful yesterday. Thanks!,0,16.3,Annual,1-2 Years,0.0,Low"
"793,2,30,Just checking if my payment went through.,0,26.433333333333334,Biennial,2+ Years,0.0,Low"
"26,0,43,Is there a tutorial for the new dashboard feature?,0,0.8666666666666667,Month-to-month,0-6 Months,0.075,Low"
"589,2,34,Is there a tutorial for the new dashboard feature?,0,19.633333333333333,Annual,1-2 Years,0.155,Low"
"396,0,56,Can I add more seats to my current plan?,0,13.2,Annual,1-2 Years,0.005,Low"
"251,1,2,I'm very frustrated with the downtime. This is unacceptable.,1,8.366666666666667,Month-to-month,6-12 Months,0.945,Very High"
"1073,0,73,I love the new analytics feature! Great job.,0,35.766666666666666,Biennial,2+ Years,0.08,Low"
"531,0,85,Customer support was super helpful yesterday. Thanks!,0,17.7,Annual,1-2 Years,0.0,Low"
"726,0,91,I love the new analytics feature! Great job.,0,24.2,Biennial,1-2 Years,0.0,Low"
"655,0,55,""Just upgraded to the Pro plan, excited to use it."",0,21.833333333333332,Annual,1-2 Years,0.005,Low"
"391,0,43,When will the maintenance window end?,0,13.033333333333333,Annual,1-2 Years,0.06,Low"
"606,2,9,Why did my subscription price increase without notice?,1,20.2,Annual,1-2 Years,0.995,Very High"
"431,0,54,I need to update my billing address.,0,14.366666666666667,Annual,1-2 Years,0.09,Low"
"42,2,34,How do I change my password?,0,1.4,Month-to-month,0-6 Months,0.115,Low"
"342,2,6,Your API documentation is outdated and full of errors.,1,11.4,Month-to-month,6-12 Months,1.0,Very High"
"1081,1,3,I'm very frustrated with the downtime. This is unacceptable.,1,36.03333333333333,Biennial,2+ Years,0.985,Very High"
"137,0,48,How do I change my password?,0,4.566666666666666,Month-to-month,0-6 Months,0.085,Low"
"584,0,44,Can I add more seats to my current plan?,0,19.466666666666665,Annual,1-2 Years,0.03,Low"
"983,2,11,The app crashes every time I try to upload a CSV.,1,32.766666666666666,Biennial,2+ Years,0.585,Medium"
"1025,0,77,The integration with Slack works perfectly.,0,34.166666666666664,Biennial,2+ Years,0.0,Low"
"874,0,70,""Smooth experience so far, no complaints."",0,29.133333333333333,Biennial,2+ Years,0.01,Low"
"228,0,15,Is there a tutorial for the new dashboard feature?,0,7.6,Month-to-month,6-12 Months,0.355,Low"
"901,0,20,Just checking if my payment went through.,0,30.033333333333335,Biennial,2+ Years,0.15,Low"
"82,0,17,When will the maintenance window end?,1,2.7333333333333334,Month-to-month,0-6 Months,0.71,High"
"818,2,43,I need to update my billing address.,0,27.266666666666666,Biennial,2+ Years,0.13,Low"
"49,2,4,I'm very frustrated with the downtime. This is unacceptable.,1,1.6333333333333333,Month-to-month,0-6 Months,0.835,Very High"
"86,0,23,Can I add more seats to my current plan?,0,2.8666666666666667,Month-to-month,0-6 Months,0.54,Medium"
"790,0,46,I need to update my billing address.,0,26.333333333333332,Biennial,2+ Years,0.02,Low"
"711,0,31,How do I change my password?,0,23.7,Annual,1-2 Years,0.105,Low"
"574,2,4,The UI is too confusing. I can't find the export button.,0,19.133333333333333,Annual,1-2 Years,0.38,Low"
"839,2,51,Can I add more seats to my current plan?,0,27.966666666666665,Biennial,2+ Years,0.005,Low"
"24,2,51,I need to update my billing address.,0,0.8,Month-to-month,0-6 Months,0.02,Low"
"765,0,48,I need to update my billing address.,0,25.5,Biennial,2+ Years,0.005,Low"
"635,2,27,When will the maintenance window end?,0,21.166666666666668,Annual,1-2 Years,0.0,Low"
"764,2,48,Can I add more seats to my current plan?,0,25.466666666666665,Biennial,2+ Years,0.115,Low"
"860,2,3,Why did my subscription price increase without notice?,0,28.666666666666668,Biennial,2+ Years,0.305,Low"
"448,2,30,How do I change my password?,0,14.933333333333334,Annual,1-2 Years,0.025,Low"
"786,0,54,""Just upgraded to the Pro plan, excited to use it."",0,26.2,Biennial,2+ Years,0.07,Low"
"151,0,63,""Just upgraded to the Pro plan, excited to use it."",0,5.033333333333333,Month-to-month,0-6 Months,0.0,Low"
"638,2,3,Why did my subscription price increase without notice?,1,21.266666666666666,Annual,1-2 Years,0.95,Very High"
"95,0,115,I love the new analytics feature! Great job.,0,3.1666666666666665,Month-to-month,0-6 Months,0.01,Low"
"28,0,48,Is there a tutorial for the new dashboard feature?,0,0.9333333333333333,Month-to-month,0-6 Months,0.02,Low"
"1025,2,24,Just checking if my payment went through.,0,34.166666666666664,Biennial,2+ Years,0.145,Low"
"1037,0,16,I need to update my billing address.,0,34.56666666666667,Biennial,2+ Years,0.2,Low"
"1000,0,58,How do I change my password?,0,33.333333333333336,Biennial,2+ Years,0.045,Low"
"194,2,6,The UI is too confusing. I can't find the export button.,1,6.466666666666667,Month-to-month,6-12 Months,0.95,Very High"
"763,2,28,Can I add more seats to my current plan?,1,25.433333333333334,Biennial,2+ Years,0.7,High"
"256,2,51,How do I change my password?,1,8.533333333333333,Month-to-month,6-12 Months,0.63,High"
"837,2,4,Your API documentation is outdated and full of errors.,1,27.9,Biennial,2+ Years,0.775,High"
"53,0,25,When will the maintenance window end?,0,1.7666666666666666,Month-to-month,0-6 Months,0.06,Low"
"561,0,85,""Just upgraded to the Pro plan, excited to use it."",0,18.7,Annual,1-2 Years,0.0,Low"
"55,1,10,The UI is too confusing. I can't find the export button.,1,1.8333333333333333,Month-to-month,0-6 Months,0.89,Very High"
"124,1,4,I've been waiting for support for 3 days. I'm cancelling.,1,4.133333333333334,Month-to-month,0-6 Months,0.985,Very High"
"93,2,43,How do I change my password?,1,3.1,Month-to-month,0-6 Months,0.25,Low"
"90,2,52,Can I add more seats to my current plan?,0,3.0,Month-to-month,0-6 Months,0.02,Low"
"218,2,5,The UI is too confusing. I can't find the export button.,1,7.266666666666667,Month-to-month,6-12 Months,0.995,Very High"
"416,0,76,""Smooth experience so far, no complaints."",1,13.866666666666667,Annual,1-2 Years,0.12,Low"
"582,2,22,Just checking if my payment went through.,0,19.4,Annual,1-2 Years,0.02,Low"
"494,0,113,""Just upgraded to the Pro plan, excited to use it."",0,16.466666666666665,Annual,1-2 Years,0.005,Low"
"345,2,43,Can I add more seats to my current plan?,0,11.5,Month-to-month,6-12 Months,0.08,Low"
"676,2,3,The UI is too confusing. I can't find the export button.,1,22.533333333333335,Annual,1-2 Years,0.965,Very High"
"273,2,6,I've been waiting for support for 3 days. I'm cancelling.,1,9.1,Month-to-month,6-12 Months,0.995,Very High"
"241,0,82,Customer support was super helpful yesterday. Thanks!,0,8.033333333333333,Month-to-month,6-12 Months,0.01,Low"
"941,1,4,Why did my subscription price increase without notice?,1,31.366666666666667,Biennial,2+ Years,0.98,Very High"
"287,2,36,Just checking if my payment went through.,0,9.566666666666666,Month-to-month,6-12 Months,0.015,Low"
"247,2,14,The app crashes every time I try to upload a CSV.,1,8.233333333333333,Month-to-month,6-12 Months,0.97,Very High"
"112,0,61,""Just upgraded to the Pro plan, excited to use it."",0,3.7333333333333334,Month-to-month,0-6 Months,0.0,Low"
"187,0,80,Customer support was super helpful yesterday. Thanks!,0,6.233333333333333,Month-to-month,6-12 Months,0.0,Low"
"453,0,19,Can I add more seats to my current plan?,0,15.1,Annual,1-2 Years,0.215,Low"
"571,0,33,Is there a tutorial for the new dashboard feature?,0,19.033333333333335,Annual,1-2 Years,0.07,Low"
"22,0,56,Is there a tutorial for the new dashboard feature?,0,0.7333333333333333,Month-to-month,0-6 Months,0.035,Low"
"474,2,22,Just checking if my payment went through.,0,15.8,Annual,1-2 Years,0.085,Low"
"589,1,6,The UI is too confusing. I can't find the export button.,1,19.633333333333333,Annual,1-2 Years,0.95,Very High"
"865,2,33,Is there a tutorial for the new dashboard feature?,0,28.833333333333332,Biennial,2+ Years,0.085,Low"
"29,0,98,Customer support was super helpful yesterday. Thanks!,0,0.9666666666666667,Month-to-month,0-6 Months,0.0,Low"
"661,2,1,I'm very frustrated with the downtime. This is unacceptable.,1,22.033333333333335,Annual,1-2 Years,0.89,Very High"
"1042,2,3,Your API documentation is outdated and full of errors.,1,34.733333333333334,Biennial,2+ Years,0.94,Very High"
"335,0,16,Is there a tutorial for the new dashboard feature?,1,11.166666666666666,Month-to-month,6-12 Months,0.66,High"
"192,0,49,Just checking if my payment went through.,1,6.4,Month-to-month,6-12 Months,0.885,Very High"
"184,2,3,Your API documentation is outdated and full of errors.,0,6.133333333333334,Month-to-month,6-12 Months,0.37,Low"
"192,2,18,Is there a tutorial for the new dashboard feature?,0,6.4,Month-to-month,6-12 Months,0.065,Low"
"665,2,26,I need to update my billing address.,1,22.166666666666668,Annual,1-2 Years,0.655,High"
"627,2,54,How do I change my password?,0,20.9,Annual,1-2 Years,0.04,Low"
"314,0,75,I love the new analytics feature! Great job.,0,10.466666666666667,Month-to-month,6-12 Months,0.065,Low"
"386,2,57,When will the maintenance window end?,1,12.866666666666667,Annual,1-2 Years,0.725,High"
"309,0,47,When will the maintenance window end?,1,10.3,Month-to-month,6-12 Months,0.04,Low"
"420,2,50,Just checking if my payment went through.,0,14.0,Annual,1-2 Years,0.16,Low"
"529,0,17,Just checking if my payment went through.,0,17.633333333333333,Annual,1-2 Years,0.065,Low"
"622,0,71,Customer support was super helpful yesterday. Thanks!,0,20.733333333333334,Annual,1-2 Years,0.09,Low"
"479,1,9,The app crashes every time I try to upload a CSV.,1,15.966666666666667,Annual,1-2 Years,0.91,Very High"
"462,2,6,I'm very frustrated with the downtime. This is unacceptable.,1,15.4,Annual,1-2 Years,0.75,High"
"311,2,27,When will the maintenance window end?,0,10.366666666666667,Month-to-month,6-12 Months,0.005,Low"
"825,2,55,How do I change my password?,0,27.5,Biennial,2+ Years,0.085,Low"
"340,2,36,How do I change my password?,1,11.333333333333334,Month-to-month,6-12 Months,0.71,High"
"1011,0,50,I need to update my billing address.,0,33.7,Biennial,2+ Years,0.0,Low"
"692,1,10,The UI is too confusing. I can't find the export button.,1,23.066666666666666,Annual,1-2 Years,0.935,Very High"
"419,0,49,When will the maintenance window end?,0,13.966666666666667,Annual,1-2 Years,0.065,Low"
"364,2,6,Your API documentation is outdated and full of errors.,1,12.133333333333333,Annual,6-12 Months,0.995,Very High"
"260,0,25,Just checking if my payment went through.,0,8.666666666666666,Month-to-month,6-12 Months,0.11,Low"
"821,1,4,The app crashes every time I try to upload a CSV.,1,27.366666666666667,Biennial,2+ Years,0.675,High"
"836,0,15,How do I change my password?,0,27.866666666666667,Biennial,2+ Years,0.15,Low"
"37,1,1,I've been waiting for support for 3 days. I'm cancelling.,1,1.2333333333333334,Month-to-month,0-6 Months,1.0,Very High"
"686,0,48,When will the maintenance window end?,0,22.866666666666667,Annual,1-2 Years,0.03,Low"
"163,0,31,Can I add more seats to my current plan?,0,5.433333333333334,Month-to-month,0-6 Months,0.015,Low"
"913,0,24,Just checking if my payment went through.,1,30.433333333333334,Biennial,2+ Years,0.64,High"
"517,0,49,Customer support was super helpful yesterday. Thanks!,0,17.233333333333334,Annual,1-2 Years,0.0,Low"
"171,2,30,How do I change my password?,0,5.7,Month-to-month,0-6 Months,0.01,Low"
"269,0,59,Just checking if my payment went through.,1,8.966666666666667,Month-to-month,6-12 Months,0.595,Medium"
"711,2,3,I've been waiting for support for 3 days. I'm cancelling.,0,23.7,Annual,1-2 Years,0.265,Low"
"240,2,27,Is there a tutorial for the new dashboard feature?,0,8.0,Month-to-month,6-12 Months,0.04,Low"
"65,1,8,The app crashes every time I try to upload a CSV.,0,2.1666666666666665,Month-to-month,0-6 Months,0.325,Low"
"628,0,36,Can I add more seats to my current plan?,0,20.933333333333334,Annual,1-2 Years,0.025,Low"
"530,0,18,How do I change my password?,0,17.666666666666668,Annual,1-2 Years,0.6,High"
"558,0,36,When will the maintenance window end?,0,18.6,Annual,1-2 Years,0.05,Low"
"1005,2,44,Just checking if my payment went through.,1,33.5,Biennial,2+ Years,0.66,High"
"1089,2,56,How do I change my password?,0,36.3,Biennial,2+ Years,0.05,Low"
"331,0,16,When will the maintenance window end?,0,11.033333333333333,Month-to-month,6-12 Months,0.11,Low"
"269,0,56,I need to update my billing address.,0,8.966666666666667,Month-to-month,6-12 Months,0.035,Low"
"826,0,54,Just checking if my payment went through.,0,27.533333333333335,Biennial,2+ Years,0.13,Low"
"1086,0,115,""Just upgraded to the Pro plan, excited to use it."",0,36.2,Biennial,2+ Years,0.0,Low"
"381,0,58,Can I add more seats to my current plan?,0,12.7,Annual,1-2 Years,0.055,Low"
"667,1,7,The UI is too confusing. I can't find the export button.,1,22.233333333333334,Annual,1-2 Years,0.93,Very High"
"179,0,50,""Just upgraded to the Pro plan, excited to use it."",0,5.966666666666667,Month-to-month,0-6 Months,0.03,Low"
"428,2,41,How do I change my password?,0,14.266666666666667,Annual,1-2 Years,0.06,Low"
"716,0,84,This tool has saved my team so much time.,0,23.866666666666667,Annual,1-2 Years,0.0,Low"
"971,0,49,I need to update my billing address.,0,32.36666666666667,Biennial,2+ Years,0.0,Low"
"460,0,31,Is there a tutorial for the new dashboard feature?,0,15.333333333333334,Annual,1-2 Years,0.04,Low"
"564,2,7,I'm very frustrated with the downtime. This is unacceptable.,1,18.8,Annual,1-2 Years,0.725,High"
"863,2,35,Can I add more seats to my current plan?,0,28.766666666666666,Biennial,2+ Years,0.01,Low"
"311,2,19,Just checking if my payment went through.,1,10.366666666666667,Month-to-month,6-12 Months,0.66,High"
"88,0,102,""Just upgraded to the Pro plan, excited to use it."",0,2.933333333333333,Month-to-month,0-6 Months,0.005,Low"
"554,0,108,I love the new analytics feature! Great job.,0,18.466666666666665,Annual,1-2 Years,0.06,Low"
"845,0,42,Just checking if my payment went through.,1,28.166666666666668,Biennial,2+ Years,0.77,High"
"647,2,7,I've been waiting for support for 3 days. I'm cancelling.,1,21.566666666666666,Annual,1-2 Years,0.985,Very High"
"691,2,11,Your API documentation is outdated and full of errors.,1,23.033333333333335,Annual,1-2 Years,0.965,Very High"
"76,2,55,How do I change my password?,0,2.533333333333333,Month-to-month,0-6 Months,0.04,Low"
"497,1,5,The app crashes every time I try to upload a CSV.,1,16.566666666666666,Annual,1-2 Years,0.985,Very High"
"634,2,24,I need to update my billing address.,0,21.133333333333333,Annual,1-2 Years,0.025,Low"
"989,2,7,The app crashes every time I try to upload a CSV.,1,32.96666666666667,Biennial,2+ Years,0.46,Medium"
"986,0,93,""Smooth experience so far, no complaints."",0,32.86666666666667,Biennial,2+ Years,0.015,Low"
"19,2,8,I've been waiting for support for 3 days. I'm cancelling.,1,0.6333333333333333,Month-to-month,0-6 Months,0.995,Very High"
"288,2,37,Can I add more seats to my current plan?,0,9.6,Month-to-month,6-12 Months,0.03,Low"
"543,1,8,The UI is too confusing. I can't find the export button.,1,18.1,Annual,1-2 Years,0.785,High"
"890,0,54,Is there a tutorial for the new dashboard feature?,0,29.666666666666668,Biennial,2+ Years,0.005,Low"
"39,1,7,Your API documentation is outdated and full of errors.,1,1.3,Month-to-month,0-6 Months,0.83,Very High"
"540,2,14,Why did my subscription price increase without notice?,1,18.0,Annual,1-2 Years,0.935,Very High"
"136,1,9,I'm very frustrated with the downtime. This is unacceptable.,1,4.533333333333333,Month-to-month,0-6 Months,0.9,Very High"
"333,0,99,The integration with Slack works perfectly.,0,11.1,Month-to-month,6-12 Months,0.01,Low"
"949,2,57,I need to update my billing address.,1,31.633333333333333,Biennial,2+ Years,0.68,High"
"954,2,17,How do I change my password?,0,31.8,Biennial,2+ Years,0.365,Low"
"487,0,57,""Smooth experience so far, no complaints."",0,16.233333333333334,Annual,1-2 Years,0.035,Low"
"62,2,53,When will the maintenance window end?,0,2.066666666666667,Month-to-month,0-6 Months,0.035,Low"
"889,1,9,I've been waiting for support for 3 days. I'm cancelling.,1,29.633333333333333,Biennial,2+ Years,0.995,Very High"
"583,0,88,""Smooth experience so far, no complaints."",0,19.433333333333334,Annual,1-2 Years,0.265,Low"
"346,0,49,Just checking if my payment went through.,1,11.533333333333333,Month-to-month,6-12 Months,0.75,High"
"1019,0,57,Just checking if my payment went through.,0,33.96666666666667,Biennial,2+ Years,0.125,Low"
"573,2,11,Why did my subscription price increase without notice?,0,19.1,Annual,1-2 Years,0.98,Very High"
"281,2,41,When will the maintenance window end?,1,9.366666666666667,Month-to-month,6-12 Months,0.04,Low"
"891,0,64,I love the new analytics feature! Great job.,0,29.7,Biennial,2+ Years,0.055,Low"
"279,1,10,The app crashes every time I try to upload a CSV.,1,9.3,Month-to-month,6-12 Months,0.91,Very High"
"88,0,50,When will the maintenance window end?,0,2.933333333333333,Month-to-month,0-6 Months,0.0,Low"
"241,2,5,The UI is too confusing. I can't find the export button.,1,8.033333333333333,Month-to-month,6-12 Months,0.995,Very High"
"185,0,108,The integration with Slack works perfectly.,0,6.166666666666667,Month-to-month,6-12 Months,0.035,Low"
"457,2,14,I've been waiting for support for 3 days. I'm cancelling.,0,15.233333333333333,Annual,1-2 Years,0.32,Low"
"511,0,73,""Just upgraded to the Pro plan, excited to use it."",0,17.033333333333335,Annual,1-2 Years,0.03,Low"
"944,0,105,This tool has saved my team so much time.,0,31.466666666666665,Biennial,2+ Years,0.0,Low"
"989,0,73,The integration with Slack works perfectly.,0,32.96666666666667,Biennial,2+ Years,0.0,Low"
"824,0,105,I love the new analytics feature! Great job.,0,27.466666666666665,Biennial,2+ Years,0.0,Low"
"770,2,57,Just checking if my payment went through.,0,25.666666666666668,Biennial,2+ Years,0.055,Low"
"602,2,45,When will the maintenance window end?,0,20.066666666666666,Annual,1-2 Years,0.01,Low"
"557,0,75,This tool has saved my team so much time.,0,18.566666666666666,Annual,1-2 Years,0.0,Low"
"533,2,14,The app crashes every time I try to upload a CSV.,1,17.766666666666666,Annual,1-2 Years,0.955,Very High"
"1040,2,13,The UI is too confusing. I can't find the export button.,1,34.666666666666664,Biennial,2+ Years,0.985,Very High"
"899,2,21,I need to update my billing address.,0,29.966666666666665,Biennial,2+ Years,0.015,Low"
"46,2,53,Can I add more seats to my current plan?,0,1.5333333333333334,Month-to-month,0-6 Months,0.005,Low"
"540,1,3,Why did my subscription price increase without notice?,1,18.0,Annual,1-2 Years,0.98,Very High"
"10,1,2,The UI is too confusing. I can't find the export button.,1,0.3333333333333333,Month-to-month,0-6 Months,0.885,Very High"
"745,0,59,Can I add more seats to my current plan?,0,24.833333333333332,Biennial,2+ Years,0.12,Low"
"706,2,22,When will the maintenance window end?,0,23.533333333333335,Annual,1-2 Years,0.045,Low"
"822,2,27,How do I change my password?,1,27.4,Biennial,2+ Years,0.685,High"
"270,2,15,How do I change my password?,1,9.0,Month-to-month,6-12 Months,0.105,Low"
"253,2,3,Why did my subscription price increase without notice?,0,8.433333333333334,Month-to-month,6-12 Months,0.27,Low"
"949,2,5,The UI is too confusing. I can't find the export button.,1,31.633333333333333,Biennial,2+ Years,0.915,Very High"
"863,1,12,Your API documentation is outdated and full of errors.,0,28.766666666666666,Biennial,2+ Years,0.91,Very High"
"598,2,44,Just checking if my payment went through.,0,19.933333333333334,Annual,1-2 Years,0.025,Low"
"837,2,7,The app crashes every time I try to upload a CSV.,0,27.9,Biennial,2+ Years,0.255,Low"
"170,0,49,I love the new analytics feature! Great job.,0,5.666666666666667,Month-to-month,0-6 Months,0.005,Low"
"942,0,70,I love the new analytics feature! Great job.,1,31.4,Biennial,2+ Years,0.63,High"
"754,2,50,Is there a tutorial for the new dashboard feature?,0,25.133333333333333,Biennial,2+ Years,0.02,Low"
"243,2,13,Why did my subscription price increase without notice?,1,8.1,Month-to-month,6-12 Months,0.82,Very High"
"464,2,2,I'm very frustrated with the downtime. This is unacceptable.,1,15.466666666666667,Annual,1-2 Years,0.815,Very High"
"468,2,17,When will the maintenance window end?,0,15.6,Annual,1-2 Years,0.085,Low"
"718,1,5,Your API documentation is outdated and full of errors.,1,23.933333333333334,Annual,1-2 Years,0.965,Very High"
"859,1,4,I'm very frustrated with the downtime. This is unacceptable.,1,28.633333333333333,Biennial,2+ Years,1.0,Very High"
"25,0,33,I need to update my billing address.,0,0.8333333333333334,Month-to-month,0-6 Months,0.28,Low"
"640,2,52,How do I change my password?,0,21.333333333333332,Annual,1-2 Years,0.025,Low"
"920,0,97,""Just upgraded to the Pro plan, excited to use it."",0,30.666666666666668,Biennial,2+ Years,0.0,Low"
"612,1,1,Your API documentation is outdated and full of errors.,1,20.4,Annual,1-2 Years,0.93,Very High"
"293,2,42,I need to update my billing address.,0,9.766666666666667,Month-to-month,6-12 Months,0.54,Medium"
"430,1,12,I'm very frustrated with the downtime. This is unacceptable.,1,14.333333333333334,Annual,1-2 Years,0.985,Very High"
"192,1,7,Why did my subscription price increase without notice?,1,6.4,Month-to-month,6-12 Months,0.655,High"
"468,0,53,""Just upgraded to the Pro plan, excited to use it."",0,15.6,Annual,1-2 Years,0.01,Low"
"690,2,57,Can I add more seats to my current plan?,1,23.0,Annual,1-2 Years,0.83,Very High"
"552,1,6,The UI is too confusing. I can't find the export button.,1,18.4,Annual,1-2 Years,0.945,Very High"
"989,1,9,The UI is too confusing. I can't find the export button.,1,32.96666666666667,Biennial,2+ Years,0.805,Very High"
"471,2,19,How do I change my password?,0,15.7,Annual,1-2 Years,0.045,Low"
"40,0,57,Can I add more seats to my current plan?,0,1.3333333333333333,Month-to-month,0-6 Months,0.07,Low"
"114,0,85,This tool has saved my team so much time.,0,3.8,Month-to-month,0-6 Months,0.0,Low"
"52,2,18,When will the maintenance window end?,0,1.7333333333333334,Month-to-month,0-6 Months,0.03,Low"
"894,0,74,This tool has saved my team so much time.,0,29.8,Biennial,2+ Years,0.0,Low"
"597,1,9,I've been waiting for support for 3 days. I'm cancelling.,1,19.9,Annual,1-2 Years,0.95,Very High"
"64,2,3,The UI is too confusing. I can't find the export button.,1,2.1333333333333333,Month-to-month,0-6 Months,0.945,Very High"
"226,2,47,I need to update my billing address.,0,7.533333333333333,Month-to-month,6-12 Months,0.025,Low"
"1068,2,17,Can I add more seats to my current plan?,0,35.6,Biennial,2+ Years,0.04,Low"
"426,2,26,How do I change my password?,1,14.2,Annual,1-2 Years,0.675,High"
"629,0,35,When will the maintenance window end?,0,20.966666666666665,Annual,1-2 Years,0.07,Low"
"1001,0,44,Just checking if my payment went through.,0,33.36666666666667,Biennial,2+ Years,0.265,Low"
"542,1,1,I'm very frustrated with the downtime. This is unacceptable.,1,18.066666666666666,Annual,1-2 Years,0.96,Very High"
"893,2,9,I'm very frustrated with the downtime. This is unacceptable.,0,29.766666666666666,Biennial,2+ Years,0.31,Low"
"613,0,43,When will the maintenance window end?,0,20.433333333333334,Annual,1-2 Years,0.02,Low"
"396,2,13,Why did my subscription price increase without notice?,0,13.2,Annual,1-2 Years,0.33,Low"
"911,0,106,The integration with Slack works perfectly.,0,30.366666666666667,Biennial,2+ Years,0.005,Low"
"984,1,10,Why did my subscription price increase without notice?,1,32.8,Biennial,2+ Years,0.455,Medium"
"700,0,25,Can I add more seats to my current plan?,0,23.333333333333332,Annual,1-2 Years,0.15,Low"
"560,0,42,How do I change my password?,0,18.666666666666668,Annual,1-2 Years,0.005,Low"
"798,2,43,Can I add more seats to my current plan?,0,26.6,Biennial,2+ Years,0.015,Low"
"353,1,6,Why did my subscription price increase without notice?,1,11.766666666666667,Month-to-month,6-12 Months,0.855,Very High"
"486,0,69,Customer support was super helpful yesterday. Thanks!,0,16.2,Annual,1-2 Years,0.0,Low"
"988,0,21,Can I add more seats to my current plan?,0,32.93333333333333,Biennial,2+ Years,0.125,Low"
"579,0,46,This tool has saved my team so much time.,0,19.3,Annual,1-2 Years,0.0,Low"
"318,1,6,I've been waiting for support for 3 days. I'm cancelling.,1,10.6,Month-to-month,6-12 Months,1.0,Very High"
"16,1,7,Your API documentation is outdated and full of errors.,1,0.5333333333333333,Month-to-month,0-6 Months,0.835,Very High"
"816,0,68,The integration with Slack works perfectly.,0,27.2,Biennial,2+ Years,0.0,Low"
"377,2,45,When will the maintenance window end?,0,12.566666666666666,Annual,1-2 Years,0.07,Low"
"191,2,18,How do I change my password?,0,6.366666666666666,Month-to-month,6-12 Months,0.06,Low"
"89,2,5,The UI is too confusing. I can't find the export button.,1,2.966666666666667,Month-to-month,0-6 Months,0.945,Very High"
"100,2,7,Why did my subscription price increase without notice?,1,3.3333333333333335,Month-to-month,0-6 Months,1.0,Very High"
"1086,0,23,How do I change my password?,0,36.2,Biennial,2+ Years,0.01,Low"
"423,0,36,I need to update my billing address.,1,14.1,Annual,1-2 Years,0.625,High"
"866,0,20,Is there a tutorial for the new dashboard feature?,0,28.866666666666667,Biennial,2+ Years,0.125,Low"
"150,2,37,Is there a tutorial for the new dashboard feature?,1,5.0,Month-to-month,0-6 Months,0.81,Very High"
"934,0,97,""Smooth experience so far, no complaints."",0,31.133333333333333,Biennial,2+ Years,0.065,Low"
"485,1,12,Why did my subscription price increase without notice?,1,16.166666666666668,Annual,1-2 Years,0.955,Very High"
"975,2,1,The app crashes every time I try to upload a CSV.,1,32.5,Biennial,2+ Years,0.905,Very High"
"800,0,48,Can I add more seats to my current plan?,1,26.666666666666668,Biennial,2+ Years,0.72,High"
"828,2,16,Can I add more seats to my current plan?,0,27.6,Biennial,2+ Years,0.015,Low"
"727,2,2,I'm very frustrated with the downtime. This is unacceptable.,0,24.233333333333334,Biennial,1-2 Years,0.8,Very High"
"187,2,31,Can I add more seats to my current plan?,1,6.233333333333333,Month-to-month,6-12 Months,0.575,Medium"
"257,2,9,I've been waiting for support for 3 days. I'm cancelling.,1,8.566666666666666,Month-to-month,6-12 Months,0.98,Very High"
"705,2,2,The app crashes every time I try to upload a CSV.,1,23.5,Annual,1-2 Years,1.0,Very High"
"69,2,10,The UI is too confusing. I can't find the export button.,1,2.3,Month-to-month,0-6 Months,0.895,Very High"
"151,1,14,I'm very frustrated with the downtime. This is unacceptable.,0,5.033333333333333,Month-to-month,0-6 Months,0.95,Very High"
"340,2,28,When will the maintenance window end?,0,11.333333333333334,Month-to-month,6-12 Months,0.005,Low"
"942,1,2,Why did my subscription price increase without notice?,1,31.4,Biennial,2+ Years,0.935,Very High"
"409,0,66,Customer support was super helpful yesterday. Thanks!,0,13.633333333333333,Annual,1-2 Years,0.0,Low"
"242,1,2,I'm very frustrated with the downtime. This is unacceptable.,1,8.066666666666666,Month-to-month,6-12 Months,0.945,Very High"
"1093,1,14,I'm very frustrated with the downtime. This is unacceptable.,1,36.43333333333333,Biennial,2+ Years,0.99,Very High"
"929,1,9,Your API documentation is outdated and full of errors.,1,30.966666666666665,Biennial,2+ Years,0.895,Very High"
"710,2,21,Just checking if my payment went through.,0,23.666666666666668,Annual,1-2 Years,0.005,Low"
"903,0,31,Is there a tutorial for the new dashboard feature?,0,30.1,Biennial,2+ Years,0.025,Low"
"190,1,4,The app crashes every time I try to upload a CSV.,1,6.333333333333333,Month-to-month,6-12 Months,0.87,Very High"
"45,0,60,This tool has saved my team so much time.,0,1.5,Month-to-month,0-6 Months,0.0,Low"
"359,2,51,Just checking if my payment went through.,0,11.966666666666667,Month-to-month,6-12 Months,0.045,Low"
"1073,0,22,When will the maintenance window end?,0,35.766666666666666,Biennial,2+ Years,0.07,Low"
"147,0,47,Just checking if my payment went through.,1,4.9,Month-to-month,0-6 Months,0.585,Medium"
"146,0,83,This tool has saved my team so much time.,0,4.866666666666666,Month-to-month,0-6 Months,0.0,Low"
"501,0,113,The integration with Slack works perfectly.,0,16.7,Annual,1-2 Years,0.0,Low"
"421,2,42,Just checking if my payment went through.,0,14.033333333333333,Annual,1-2 Years,0.09,Low"
"226,1,13,I'm very frustrated with the downtime. This is unacceptable.,1,7.533333333333333,Month-to-month,6-12 Months,0.99,Very High"
"500,2,52,How do I change my password?,1,16.666666666666668,Annual,1-2 Years,0.68,High"
"466,2,19,Just checking if my payment went through.,0,15.533333333333333,Annual,1-2 Years,0.18,Low"
"616,2,37,Just checking if my payment went through.,0,20.533333333333335,Annual,1-2 Years,0.0,Low"
"106,2,42,How do I change my password?,0,3.533333333333333,Month-to-month,0-6 Months,0.085,Low"
"282,2,20,I need to update my billing address.,0,9.4,Month-to-month,6-12 Months,0.1,Low"
"892,2,2,I'm very frustrated with the downtime. This is unacceptable.,1,29.733333333333334,Biennial,2+ Years,0.84,Very High"
"53,0,33,Can I add more seats to my current plan?,0,1.7666666666666666,Month-to-month,0-6 Months,0.055,Low"
"1054,0,45,Is there a tutorial for the new dashboard feature?,1,35.13333333333333,Biennial,2+ Years,0.64,High"
"573,2,21,Can I add more seats to my current plan?,1,19.1,Annual,1-2 Years,0.22,Low"
"246,0,56,""Just upgraded to the Pro plan, excited to use it."",0,8.2,Month-to-month,6-12 Months,0.005,Low"
"528,2,28,Can I add more seats to my current plan?,1,17.6,Annual,1-2 Years,0.755,High"
"668,2,4,The UI is too confusing. I can't find the export button.,1,22.266666666666666,Annual,1-2 Years,0.84,Very High"
"86,2,21,How do I change my password?,0,2.8666666666666667,Month-to-month,0-6 Months,0.11,Low"
"470,0,57,How do I change my password?,0,15.666666666666666,Annual,1-2 Years,0.035,Low"
